[
  {
    "name": "❤️能能TV直播",
    "url": "https://gh-proxy.com/https://raw.githubusercontent.com/develop202/migu_video/refs/heads/main/interface.txt"
  },
{
    "name": "❤️飞扬TV直播",
    "url": "https://cloud.7so.top/f/9QKyU2/%E9%A3%9E%E6%89%AC.jpg"
  },
  {
    "name": "❤️裤佬TV直播",
    "url": "https://gh-proxy.org/https://raw.githubusercontent.com/Jsnzkpg/Jsnzkpg/Jsnzkpg/Jsnzkpg1"
  },
{
    "name": "❤️稳哥TV直播",
    "url": "http://dow.v6x.wht.dgwht.top/file/0ed5edb6a5af3849/c8aa1f2118b266cfa38a0fc034717ab1"
  },
  {
    "name": "❤️冰茶TV直播",
    "url": "https://bc.188766.xyz/?ip=&mima=bingcha1130&huikan=1&json=true"
  },
{
    "name": "❤️白雪TV直播",
    "url": "http://bxtv.3a.ink/live.txt"
  },
  {
    "name": "❤️日后TV直播",
    "url": "http://rihou.cc:555/gggg.nzk"
  },
{
    "name": "❤️易发TV直播",
    "url": "https://gh-proxy.org/https://raw.githubusercontent.com/fafa002/yf2025/refs/heads/main/yiyifafa.txt"
  },
{
    "name": "❤️JackTV直播{翻}",
    "url": "https://php.946985.filegear-sg.me/jackTV.m3u"
  },
{
    "name": "❤️TaiwTV直播{翻}",
    "url": "https://cik07-cos.7moor-fs2.com/im/4d2c3f00-7d4c-11e5-af15-41bf63ae4ea0/cc3cee8ec886804f/稳了半年还没挂.txt"
  }
]