{
    "class": [
        {
            "type_name": "有声小说",
            "type_id": "有声小说"
        },
        {
            "type_name": "玄幻有声小说",
            "type_id": "玄幻有声小说"
        },
        {
            "type_name": "奇幻有声小说",
            "type_id": "奇幻有声小说"
        },
        {
            "type_name": "都市有声小说",
            "type_id": "都市有声小说"
        },
        {
            "type_name": "言情有声小说",
            "type_id": "言情有声小说"
        },
        {
            "type_name": "武侠有声小说",
            "type_id": "武侠有声小说"
        },
        {
            "type_name": "仙侠有声小说",
            "type_id": "仙侠有声小说"
        },
        {
            "type_name": "科幻有声小说",
            "type_id": "科幻有声小说"
        },
        {
            "type_name": "重生有声小说",
            "type_id": "重生有声小说"
        },
        {
            "type_name": "穿越有声小说",
            "type_id": "穿越有声小说"
        },
        {
            "type_name": "恐怖惊悚有声小说",
            "type_id": "恐怖惊悚有声小说"
        },
        {
            "type_name": "网游竞技有声小说",
            "type_id": "网游竞技有声小说"
        }
    ]
}