{"1": [{"key": "type","name": "type","value": [{"n": "全部","v": ""},{"n": "剧情","v": "1"},{"n": "爱情","v": "2"},{"n": "动画","v": "3"},{"n": "喜剧","v": "4"},{"n": "战争","v": "5"},{"n": "歌舞","v": "6"},{"n": "古装","v": "7"},{"n": "奇幻","v": "8"},{"n": "冒险","v": "9"},{"n": "动作","v": "10"},{"n": "科幻","v": "11"},{"n": "悬疑","v": "12"},{"n": "犯罪","v": "13"},{"n": "家庭","v": "14"},{"n": "传记","v": "15"},{"n": "运动","v": "16"},{"n": "同性","v": "17"},{"n": "惊悚","v": "18"},{"n": "情色","v": "19"},{"n": "短片","v": "20"},{"n": "历史","v": "21"},{"n": "音乐","v": "22"},{"n": "西部","v": "23"},{"n": "武侠","v": "24"},{"n": "恐怖","v": "25"}]},{"key": "area","name": "area","value": [{"n": "全部","v": ""},{"n": "国产","v": "1"},{"n": "中国香港","v": "3"},{"n": "中国台湾","v": "6"},{"n": "美国","v": "5"},{"n": "韩国","v": "18"},{"n": "日本","v": "2"}]},{"key": "year","name": "year","value": [{"n": "全部","v": ""},{"n": "2025","v": "107"},{"n": "2024","v": "119"},{"n": "2023","v": "153"},{"n": "2022","v": "101"},{"n": "2021","v": "118"},{"n": "2020","v": "16"},{"n": "2019","v": "7"},{"n": "2018","v": "2"},{"n": "2017","v": "3"},{"n": "2016","v": "22"},{"n": "2015以前","v": "2015"}]},{"key": "sort","name": "sort","value": [{"n": "全部","v": ""},{"n": "最新","v": "update"},{"n": "最热","v": "hot"},{"n": "评分","v": "rating"}]}],"3": [{"key": "type","name": "type","value": [{"n": "全部","v": ""},{"n": "剧情","v": "1"},{"n": "爱情","v": "2"},{"n": "动画","v": "3"},{"n": "喜剧","v": "4"},{"n": "战争","v": "5"},{"n": "歌舞","v": "6"},{"n": "古装","v": "7"},{"n": "奇幻","v": "8"},{"n": "冒险","v": "9"},{"n": "动作","v": "10"},{"n": "科幻","v": "11"},{"n": "悬疑","v": "12"},{"n": "犯罪","v": "13"},{"n": "家庭","v": "14"},{"n": "传记","v": "15"},{"n": "运动","v": "16"},{"n": "同性","v": "17"},{"n": "惊悚","v": "18"},{"n": "情色","v": "19"},{"n": "短片","v": "20"},{"n": "历史","v": "21"},{"n": "音乐","v": "22"},{"n": "西部","v": "23"},{"n": "武侠","v": "24"},{"n": "恐怖","v": "25"}]},{"key": "area","name": "area","value": [{"n": "全部","v": ""},{"n": "国产","v": "1"},{"n": "中国香港","v": "3"},{"n": "中国台湾","v": "6"},{"n": "美国","v": "5"},{"n": "韩国","v": "18"},{"n": "日本","v": "2"}]},{"key": "year","name": "year","value": [{"n": "全部","v": ""},{"n": "2025","v": "107"},{"n": "2024","v": "119"},{"n": "2023","v": "153"},{"n": "2022","v": "101"},{"n": "2021","v": "118"},{"n": "2020","v": "16"},{"n": "2019","v": "7"},{"n": "2018","v": "2"},{"n": "2017","v": "3"},{"n": "2016","v": "22"},{"n": "2015以前","v": "2015"}]},{"key": "sort","name": "sort","value": [{"n": "全部","v": ""},{"n": "最新","v": "update"},{"n": "最热","v": "hot"},{"n": "评分","v": "rating"}]}],"2": [{"key": "type","name": "type","value": [{"n": "全部","v": ""},{"n": "剧情","v": "1"},{"n": "爱情","v": "2"},{"n": "动画","v": "3"},{"n": "喜剧","v": "4"},{"n": "战争","v": "5"},{"n": "歌舞","v": "6"},{"n": "古装","v": "7"},{"n": "奇幻","v": "8"},{"n": "冒险","v": "9"},{"n": "动作","v": "10"},{"n": "科幻","v": "11"},{"n": "悬疑","v": "12"},{"n": "犯罪","v": "13"},{"n": "家庭","v": "14"},{"n": "传记","v": "15"},{"n": "运动","v": "16"},{"n": "同性","v": "17"},{"n": "惊悚","v": "18"},{"n": "情色","v": "19"},{"n": "短片","v": "20"},{"n": "历史","v": "21"},{"n": "音乐","v": "22"},{"n": "西部","v": "23"},{"n": "武侠","v": "24"},{"n": "恐怖","v": "25"}]},{"key": "area","name": "area","value": [{"n": "全部","v": ""},{"n": "国产","v": "1"},{"n": "中国香港","v": "3"},{"n": "中国台湾","v": "6"},{"n": "美国","v": "5"},{"n": "韩国","v": "18"},{"n": "日本","v": "2"}]},{"key": "year","name": "year","value": [{"n": "全部","v": ""},{"n": "2025","v": "107"},{"n": "2024","v": "119"},{"n": "2023","v": "153"},{"n": "2022","v": "101"},{"n": "2021","v": "118"},{"n": "2020","v": "16"},{"n": "2019","v": "7"},{"n": "2018","v": "2"},{"n": "2017","v": "3"},{"n": "2016","v": "22"},{"n": "2015以前","v": "2015"}]},{"key": "sort","name": "sort","value": [{"n": "全部","v": ""},{"n": "最新","v": "update"},{"n": "最热","v": "hot"},{"n": "评分","v": "rating"}]}],"67": [{"key": "category_id","name": "category_id","value": [{"n": "全部","v": ""},{"n": "言情","v": "70"},{"n": "爱情","v": "71"},{"n": "战神","v": "72"},{"n": "古代","v": "73"},{"n": "萌娃","v": "74"},{"n": "神医","v": "75"},{"n": "玄幻","v": "76"},{"n": "重生","v": "77"},{"n": "激情","v": "79"},{"n": "时尚","v": "82"},{"n": "剧情演绎","v": "83"},{"n": "影视","v": "84"},{"n": "人文社科","v": "85"},{"n": "二次元","v": "86"},{"n": "明星八卦","v": "87"},{"n": "随拍","v": "88"},{"n": "个人管理","v": "89"},{"n": "音乐","v": "90"},{"n": "汽车","v": "91"},{"n": "休闲","v": "92"},{"n": "校园教育","v": "93"},{"n": "游戏","v": "94"},{"n": "科普","v": "95"},{"n": "科技","v": "96"},{"n": "时政社会","v": "97"},{"n": "萌宠","v": "98"},{"n": "体育","v": "99"},{"n": "穿越","v": "80"},{"n": "","v": "81"},{"n": "闪婚","v": "112"}]},{"key": "sort","name": "sort","value": [{"n": "全部","v": ""},{"n": "最新","v": "update"},{"n": "最热","v": "hot"}]}],"4": [{"key": "type","name": "type","value": [{"n": "全部","v": ""},{"n": "剧情","v": "1"},{"n": "爱情","v": "2"},{"n": "动画","v": "3"},{"n": "喜剧","v": "4"},{"n": "战争","v": "5"},{"n": "歌舞","v": "6"},{"n": "古装","v": "7"},{"n": "奇幻","v": "8"},{"n": "冒险","v": "9"},{"n": "动作","v": "10"},{"n": "科幻","v": "11"},{"n": "悬疑","v": "12"},{"n": "犯罪","v": "13"},{"n": "家庭","v": "14"},{"n": "传记","v": "15"},{"n": "运动","v": "16"},{"n": "同性","v": "17"},{"n": "惊悚","v": "18"},{"n": "情色","v": "19"},{"n": "短片","v": "20"},{"n": "历史","v": "21"},{"n": "音乐","v": "22"},{"n": "西部","v": "23"},{"n": "武侠","v": "24"},{"n": "恐怖","v": "25"}]},{"key": "area","name": "area","value": [{"n": "全部","v": ""},{"n": "国产","v": "1"},{"n": "中国香港","v": "3"},{"n": "中国台湾","v": "6"},{"n": "美国","v": "5"},{"n": "韩国","v": "18"},{"n": "日本","v": "2"}]},{"key": "year","name": "year","value": [{"n": "全部","v": ""},{"n": "2025","v": "107"},{"n": "2024","v": "119"},{"n": "2023","v": "153"},{"n": "2022","v": "101"},{"n": "2021","v": "118"},{"n": "2020","v": "16"},{"n": "2019","v": "7"},{"n": "2018","v": "2"},{"n": "2017","v": "3"},{"n": "2016","v": "22"},{"n": "2015以前","v": "2015"}]},{"key": "sort","name": "sort","value": [{"n": "全部","v": ""},{"n": "最新","v": "update"},{"n": "最热","v": "hot"},{"n": "评分","v": "rating"}]}]}