[
	{"name":"美女直播","url":"https://ipv.qq1000.site/IPTV.txt"},
	{"name":"电视直播","url":"http://tv.aisimu.cn/tv/box/艾丝沐/lives/webvideo.txt&&& http://api.yujn.cn/api/xjjtp.php?"},
	{"name":"电视直播","url":"https://ghfast.top/https://raw.githubusercontent.com/develop202/migu_video/refs/heads/main/interface.txt&&& http://api.yujn.cn/api/xjjtp.php?"},
	{"name":"电视直播","url":"http://rihou.cc:567/gggg.nzk&&& http://api.yujn.cn/api/xjjtp.php?"},
	{"name":"电视直播","url":"https://nos.netease.com/ysf/3d75a78a0fc7ede372c03598d6d10367.m3u&&& http://api.yujn.cn/api/xjjtp.php?"},
{"name":"小南直播","url":"http://a.xncjys.xyz/dszb/xnds.txt"},
{"name":"飞扬直播","url":"https://l.gmbbk.com/upload/39183918.txt"},
	{"name":"好人直播","url":"https://d.kstore.dev/download/16009/%E5%8E%9F%E6%8E%A5%E5%8F%A3.json"}
]
