[
  {
    "name": "❗温馨提示",
    "url": "https://upld.zone.id/uploads/q9iq9e5iq/zbzdb.txt"
  },
  {
    "name": "👖裤佬TV直播",
    "url": "https://upld.zone.id/uploads/q9iq9e5iq/lvse.txt"
  },
  {
    "name": "👖冰茶TV直播",
    "url": "https://bc.188766.xyz/?ip=&mima=bingcha1130&huikan=1&json=true"
  },
  {
    "name": "👖日后TV直播",
    "url": "http://rihou.cc:555/gggg.nzk"
  },
  {
    "name": "👖白雪TV直播",
    "url": "http://bxtv.3a.ink/live.txt"
  },
  {
    "name": "👖JackTV直播{翻}",
    "url": "https://php.946985.filegear-sg.me/jackTV.m3u"
  }
]