{
    "1": [
        {
            "key": "class",
            "name": "class",
            "value": [
                {
                    "n": "喜剧",
                    "v": "喜剧"
                },
                {
                    "n": "爱情",
                    "v": "爱情"
                },
                {
                    "n": "恐怖",
                    "v": "恐怖"
                },
                {
                    "n": "动作",
                    "v": "动作"
                },
                {
                    "n": "科幻",
                    "v": "科幻"
                },
                {
                    "n": "剧情",
                    "v": "剧情"
                },
                {
                    "n": "警匪",
                    "v": "警匪"
                },
                {
                    "n": "战争",
                    "v": "战争"
                },
                {
                    "n": "犯罪",
                    "v": "犯罪"
                },
                {
                    "n": "动画",
                    "v": "动画"
                },
                {
                    "n": "奇幻",
                    "v": "奇幻"
                },
                {
                    "n": "武侠",
                    "v": "武侠"
                },
                {
                    "n": "冒险",
                    "v": "冒险"
                },
                {
                    "n": "悬疑",
                    "v": "悬疑"
                },
                {
                    "n": "惊悚",
                    "v": "惊悚"
                },
                {
                    "n": "古装",
                    "v": "古装"
                },
                {
                    "n": "同性",
                    "v": "同性"
                }
            ]
        },
        {
            "key": "area",
            "name": "area",
            "value": [
                {
                    "n": "大陆",
                    "v": "大陆"
                },
                {
                    "n": "香港",
                    "v": "香港"
                },
                {
                    "n": "台湾",
                    "v": "台湾"
                },
                {
                    "n": "韩国",
                    "v": "韩国"
                },
                {
                    "n": "英国",
                    "v": "英国"
                },
                {
                    "n": "法国",
                    "v": "法国"
                },
                {
                    "n": "加拿大",
                    "v": "加拿大"
                },
                {
                    "n": "澳大利亚",
                    "v": "澳大利亚"
                }
            ]
        },
        {
            "key": "year",
            "name": "year",
            "value": [
                {
                    "n": "2025",
                    "v": "2025"
                },
                {
                    "n": "2024",
                    "v": "2024"
                },
                {
                    "n": "2023",
                    "v": "2023"
                },
                {
                    "n": "2022",
                    "v": "2022"
                },
                {
                    "n": "2020",
                    "v": "2020"
                },
                {
                    "n": "2019",
                    "v": "2019"
                }
            ]
        },
        {
            "key": "lang",
            "name": "lang",
            "value": [
                {
                    "n": "国语",
                    "v": "国语"
                },
                {
                    "n": "粤语",
                    "v": "粤语"
                },
                {
                    "n": "韩语",
                    "v": "韩语"
                },
                {
                    "n": "英语",
                    "v": "英语"
                },
                {
                    "n": "法语",
                    "v": "法语"
                }
            ]
        },
        {
            "key": "letter",
            "name": "letter",
            "value": [
                {
                    "n": "A",
                    "v": "A"
                },
                {
                    "n": "B",
                    "v": "B"
                },
                {
                    "n": "C",
                    "v": "C"
                },
                {
                    "n": "D",
                    "v": "D"
                },
                {
                    "n": "E",
                    "v": "E"
                },
                {
                    "n": "F",
                    "v": "F"
                },
                {
                    "n": "G",
                    "v": "G"
                },
                {
                    "n": "H",
                    "v": "H"
                },
                {
                    "n": "I",
                    "v": "I"
                },
                {
                    "n": "J",
                    "v": "J"
                },
                {
                    "n": "K",
                    "v": "K"
                },
                {
                    "n": "L",
                    "v": "L"
                },
                {
                    "n": "M",
                    "v": "M"
                },
                {
                    "n": "N",
                    "v": "N"
                },
                {
                    "n": "O",
                    "v": "O"
                },
                {
                    "n": "P",
                    "v": "P"
                },
                {
                    "n": "Q",
                    "v": "Q"
                },
                {
                    "n": "R",
                    "v": "R"
                },
                {
                    "n": "S",
                    "v": "S"
                },
                {
                    "n": "T",
                    "v": "T"
                },
                {
                    "n": "U",
                    "v": "U"
                },
                {
                    "n": "V",
                    "v": "V"
                },
                {
                    "n": "W",
                    "v": "W"
                },
                {
                    "n": "X",
                    "v": "X"
                },
                {
                    "n": "Y",
                    "v": "Y"
                },
                {
                    "n": "Z",
                    "v": "Z"
                },
                {
                    "n": "0~9",
                    "v": "0~9"
                }
            ]
        },
        {
            "key": "by",
            "name": "by",
            "value": [
                {
                    "n": "时间",
                    "v": ""
                },
                {
                    "n": "人气",
                    "v": "人气"
                },
                {
                    "n": "评分",
                    "v": "评分"
                }
            ]
        }
    ],
    "13": [
        {
            "key": "class",
            "name": "class",
            "value": [
                {
                    "n": "悬疑",
                    "v": "悬疑"
                },
                {
                    "n": "武侠",
                    "v": "武侠"
                },
                {
                    "n": "科幻",
                    "v": "科幻"
                },
                {
                    "n": "都市",
                    "v": "都市"
                },
                {
                    "n": "爱情",
                    "v": "爱情"
                },
                {
                    "n": "古装",
                    "v": "古装"
                },
                {
                    "n": "战争",
                    "v": "战争"
                },
                {
                    "n": "青春",
                    "v": "青春"
                },
                {
                    "n": "偶像",
                    "v": "偶像"
                },
                {
                    "n": "喜剧",
                    "v": "喜剧"
                },
                {
                    "n": "家庭",
                    "v": "家庭"
                },
                {
                    "n": "奇幻",
                    "v": "奇幻"
                },
                {
                    "n": "剧情",
                    "v": "剧情"
                },
                {
                    "n": "乡村",
                    "v": "乡村"
                },
                {
                    "n": "年代",
                    "v": "年代"
                },
                {
                    "n": "警匪",
                    "v": "警匪"
                },
                {
                    "n": "谍战",
                    "v": "谍战"
                },
                {
                    "n": "历险",
                    "v": "历险"
                },
                {
                    "n": "罪案",
                    "v": "罪案"
                },
                {
                    "n": "宫廷",
                    "v": "宫廷"
                },
                {
                    "n": "经典",
                    "v": "经典"
                },
                {
                    "n": "动作",
                    "v": "动作"
                },
                {
                    "n": "惊悚",
                    "v": "惊悚"
                },
                {
                    "n": "历史",
                    "v": "历史"
                },
                {
                    "n": "穿越",
                    "v": "穿越"
                },
                {
                    "n": "同性",
                    "v": "同性"
                }
            ]
        },
        {
            "key": "area",
            "name": "area",
            "value": [
                {
                    "n": "大陆",
                    "v": "大陆"
                },
                {
                    "n": "香港",
                    "v": "香港"
                },
                {
                    "n": "台湾",
                    "v": "台湾"
                },
                {
                    "n": "韩国",
                    "v": "韩国"
                },
                {
                    "n": "日本",
                    "v": "日本"
                },
                {
                    "n": "新加坡",
                    "v": "新加坡"
                },
                {
                    "n": "泰国",
                    "v": "泰国"
                }
            ]
        },
        {
            "key": "year",
            "name": "year",
            "value": [
                {
                    "n": "2025",
                    "v": "2025"
                },
                {
                    "n": "2024",
                    "v": "2024"
                },
                {
                    "n": "2023",
                    "v": "2023"
                },
                {
                    "n": "2022",
                    "v": "2022"
                },
                {
                    "n": "2021",
                    "v": "2021"
                },
                {
                    "n": "2020",
                    "v": "2020"
                },
                {
                    "n": "2019",
                    "v": "2019"
                },
                {
                    "n": "2018",
                    "v": "2018"
                },
                {
                    "n": "2017",
                    "v": "2017"
                },
                {
                    "n": "更早",
                    "v": "更早"
                }
            ]
        },
        {
            "key": "lang",
            "name": "lang",
            "value": [
                {
                    "n": "国语",
                    "v": "国语"
                },
                {
                    "n": "粤语",
                    "v": "粤语"
                },
                {
                    "n": "韩语",
                    "v": "韩语"
                },
                {
                    "n": "泰语",
                    "v": "泰语"
                },
                {
                    "n": "日语",
                    "v": "日语"
                }
            ]
        },
        {
            "key": "letter",
            "name": "letter",
            "value": [
                {
                    "n": "A",
                    "v": "A"
                },
                {
                    "n": "B",
                    "v": "B"
                },
                {
                    "n": "C",
                    "v": "C"
                },
                {
                    "n": "D",
                    "v": "D"
                },
                {
                    "n": "E",
                    "v": "E"
                },
                {
                    "n": "F",
                    "v": "F"
                },
                {
                    "n": "G",
                    "v": "G"
                },
                {
                    "n": "H",
                    "v": "H"
                },
                {
                    "n": "I",
                    "v": "I"
                },
                {
                    "n": "J",
                    "v": "J"
                },
                {
                    "n": "K",
                    "v": "K"
                },
                {
                    "n": "L",
                    "v": "L"
                },
                {
                    "n": "M",
                    "v": "M"
                },
                {
                    "n": "N",
                    "v": "N"
                },
                {
                    "n": "O",
                    "v": "O"
                },
                {
                    "n": "P",
                    "v": "P"
                },
                {
                    "n": "Q",
                    "v": "Q"
                },
                {
                    "n": "R",
                    "v": "R"
                },
                {
                    "n": "S",
                    "v": "S"
                },
                {
                    "n": "T",
                    "v": "T"
                },
                {
                    "n": "U",
                    "v": "U"
                },
                {
                    "n": "V",
                    "v": "V"
                },
                {
                    "n": "W",
                    "v": "W"
                },
                {
                    "n": "X",
                    "v": "X"
                },
                {
                    "n": "Y",
                    "v": "Y"
                },
                {
                    "n": "Z",
                    "v": "Z"
                },
                {
                    "n": "0~9",
                    "v": "0~9"
                }
            ]
        },
        {
            "key": "by",
            "name": "by",
            "value": [
                {
                    "n": "时间",
                    "v": ""
                },
                {
                    "n": "人气",
                    "v": "人气"
                },
                {
                    "n": "评分",
                    "v": "评分"
                }
            ]
        }
    ],
    "14": [
        {
            "key": "class",
            "name": "class",
            "value": [
                {
                    "n": "悬疑",
                    "v": "悬疑"
                },
                {
                    "n": "武侠",
                    "v": "武侠"
                },
                {
                    "n": "科幻",
                    "v": "科幻"
                },
                {
                    "n": "都市",
                    "v": "都市"
                },
                {
                    "n": "爱情",
                    "v": "爱情"
                },
                {
                    "n": "古装",
                    "v": "古装"
                },
                {
                    "n": "战争",
                    "v": "战争"
                },
                {
                    "n": "青春",
                    "v": "青春"
                },
                {
                    "n": "偶像",
                    "v": "偶像"
                },
                {
                    "n": "喜剧",
                    "v": "喜剧"
                },
                {
                    "n": "家庭",
                    "v": "家庭"
                },
                {
                    "n": "奇幻",
                    "v": "奇幻"
                },
                {
                    "n": "剧情",
                    "v": "剧情"
                },
                {
                    "n": "乡村",
                    "v": "乡村"
                },
                {
                    "n": "年代",
                    "v": "年代"
                },
                {
                    "n": "警匪",
                    "v": "警匪"
                },
                {
                    "n": "谍战",
                    "v": "谍战"
                },
                {
                    "n": "历险",
                    "v": "历险"
                },
                {
                    "n": "罪案",
                    "v": "罪案"
                },
                {
                    "n": "宫廷",
                    "v": "宫廷"
                },
                {
                    "n": "经典",
                    "v": "经典"
                },
                {
                    "n": "动作",
                    "v": "动作"
                },
                {
                    "n": "惊悚",
                    "v": "惊悚"
                },
                {
                    "n": "历史",
                    "v": "历史"
                },
                {
                    "n": "穿越",
                    "v": "穿越"
                },
                {
                    "n": "同性",
                    "v": "同性"
                }
            ]
        },
        {
            "key": "area",
            "name": "area",
            "value": [
                {
                    "n": "大陆",
                    "v": "大陆"
                },
                {
                    "n": "香港",
                    "v": "香港"
                },
                {
                    "n": "台湾",
                    "v": "台湾"
                },
                {
                    "n": "韩国",
                    "v": "韩国"
                },
                {
                    "n": "日本",
                    "v": "日本"
                },
                {
                    "n": "新加坡",
                    "v": "新加坡"
                },
                {
                    "n": "泰国",
                    "v": "泰国"
                }
            ]
        },
        {
            "key": "year",
            "name": "year",
            "value": [
                {
                    "n": "2025",
                    "v": "2025"
                },
                {
                    "n": "2024",
                    "v": "2024"
                },
                {
                    "n": "2023",
                    "v": "2023"
                },
                {
                    "n": "2022",
                    "v": "2022"
                },
                {
                    "n": "2021",
                    "v": "2021"
                },
                {
                    "n": "2020",
                    "v": "2020"
                },
                {
                    "n": "2019",
                    "v": "2019"
                },
                {
                    "n": "2018",
                    "v": "2018"
                },
                {
                    "n": "2017",
                    "v": "2017"
                },
                {
                    "n": "更早",
                    "v": "更早"
                }
            ]
        },
        {
            "key": "lang",
            "name": "lang",
            "value": [
                {
                    "n": "国语",
                    "v": "国语"
                },
                {
                    "n": "粤语",
                    "v": "粤语"
                },
                {
                    "n": "韩语",
                    "v": "韩语"
                },
                {
                    "n": "泰语",
                    "v": "泰语"
                },
                {
                    "n": "日语",
                    "v": "日语"
                }
            ]
        },
        {
            "key": "letter",
            "name": "letter",
            "value": [
                {
                    "n": "A",
                    "v": "A"
                },
                {
                    "n": "B",
                    "v": "B"
                },
                {
                    "n": "C",
                    "v": "C"
                },
                {
                    "n": "D",
                    "v": "D"
                },
                {
                    "n": "E",
                    "v": "E"
                },
                {
                    "n": "F",
                    "v": "F"
                },
                {
                    "n": "G",
                    "v": "G"
                },
                {
                    "n": "H",
                    "v": "H"
                },
                {
                    "n": "I",
                    "v": "I"
                },
                {
                    "n": "J",
                    "v": "J"
                },
                {
                    "n": "K",
                    "v": "K"
                },
                {
                    "n": "L",
                    "v": "L"
                },
                {
                    "n": "M",
                    "v": "M"
                },
                {
                    "n": "N",
                    "v": "N"
                },
                {
                    "n": "O",
                    "v": "O"
                },
                {
                    "n": "P",
                    "v": "P"
                },
                {
                    "n": "Q",
                    "v": "Q"
                },
                {
                    "n": "R",
                    "v": "R"
                },
                {
                    "n": "S",
                    "v": "S"
                },
                {
                    "n": "T",
                    "v": "T"
                },
                {
                    "n": "U",
                    "v": "U"
                },
                {
                    "n": "V",
                    "v": "V"
                },
                {
                    "n": "W",
                    "v": "W"
                },
                {
                    "n": "X",
                    "v": "X"
                },
                {
                    "n": "Y",
                    "v": "Y"
                },
                {
                    "n": "Z",
                    "v": "Z"
                },
                {
                    "n": "0~9",
                    "v": "0~9"
                }
            ]
        },
        {
            "key": "by",
            "name": "by",
            "value": [
                {
                    "n": "时间",
                    "v": ""
                },
                {
                    "n": "人气",
                    "v": "人气"
                },
                {
                    "n": "评分",
                    "v": "评分"
                }
            ]
        }
    ],
    "15": [
        {
            "key": "class",
            "name": "class",
            "value": [
                {
                    "n": "悬疑",
                    "v": "悬疑"
                },
                {
                    "n": "武侠",
                    "v": "武侠"
                },
                {
                    "n": "科幻",
                    "v": "科幻"
                },
                {
                    "n": "都市",
                    "v": "都市"
                },
                {
                    "n": "爱情",
                    "v": "爱情"
                },
                {
                    "n": "古装",
                    "v": "古装"
                },
                {
                    "n": "战争",
                    "v": "战争"
                },
                {
                    "n": "青春",
                    "v": "青春"
                },
                {
                    "n": "偶像",
                    "v": "偶像"
                },
                {
                    "n": "喜剧",
                    "v": "喜剧"
                },
                {
                    "n": "家庭",
                    "v": "家庭"
                },
                {
                    "n": "奇幻",
                    "v": "奇幻"
                },
                {
                    "n": "剧情",
                    "v": "剧情"
                },
                {
                    "n": "乡村",
                    "v": "乡村"
                },
                {
                    "n": "年代",
                    "v": "年代"
                },
                {
                    "n": "警匪",
                    "v": "警匪"
                },
                {
                    "n": "谍战",
                    "v": "谍战"
                },
                {
                    "n": "历险",
                    "v": "历险"
                },
                {
                    "n": "罪案",
                    "v": "罪案"
                },
                {
                    "n": "宫廷",
                    "v": "宫廷"
                },
                {
                    "n": "经典",
                    "v": "经典"
                },
                {
                    "n": "动作",
                    "v": "动作"
                },
                {
                    "n": "惊悚",
                    "v": "惊悚"
                },
                {
                    "n": "历史",
                    "v": "历史"
                },
                {
                    "n": "穿越",
                    "v": "穿越"
                },
                {
                    "n": "同性",
                    "v": "同性"
                }
            ]
        },
        {
            "key": "area",
            "name": "area",
            "value": [
                {
                    "n": "大陆",
                    "v": "大陆"
                },
                {
                    "n": "香港",
                    "v": "香港"
                },
                {
                    "n": "台湾",
                    "v": "台湾"
                },
                {
                    "n": "韩国",
                    "v": "韩国"
                },
                {
                    "n": "日本",
                    "v": "日本"
                },
                {
                    "n": "新加坡",
                    "v": "新加坡"
                },
                {
                    "n": "泰国",
                    "v": "泰国"
                }
            ]
        },
        {
            "key": "year",
            "name": "year",
            "value": [
                {
                    "n": "2025",
                    "v": "2025"
                },
                {
                    "n": "2024",
                    "v": "2024"
                },
                {
                    "n": "2023",
                    "v": "2023"
                },
                {
                    "n": "2022",
                    "v": "2022"
                },
                {
                    "n": "2021",
                    "v": "2021"
                },
                {
                    "n": "2020",
                    "v": "2020"
                },
                {
                    "n": "2019",
                    "v": "2019"
                },
                {
                    "n": "2018",
                    "v": "2018"
                },
                {
                    "n": "2017",
                    "v": "2017"
                },
                {
                    "n": "更早",
                    "v": "更早"
                }
            ]
        },
        {
            "key": "lang",
            "name": "lang",
            "value": [
                {
                    "n": "国语",
                    "v": "国语"
                },
                {
                    "n": "粤语",
                    "v": "粤语"
                },
                {
                    "n": "韩语",
                    "v": "韩语"
                },
                {
                    "n": "泰语",
                    "v": "泰语"
                },
                {
                    "n": "日语",
                    "v": "日语"
                }
            ]
        },
        {
            "key": "letter",
            "name": "letter",
            "value": [
                {
                    "n": "A",
                    "v": "A"
                },
                {
                    "n": "B",
                    "v": "B"
                },
                {
                    "n": "C",
                    "v": "C"
                },
                {
                    "n": "D",
                    "v": "D"
                },
                {
                    "n": "E",
                    "v": "E"
                },
                {
                    "n": "F",
                    "v": "F"
                },
                {
                    "n": "G",
                    "v": "G"
                },
                {
                    "n": "H",
                    "v": "H"
                },
                {
                    "n": "I",
                    "v": "I"
                },
                {
                    "n": "J",
                    "v": "J"
                },
                {
                    "n": "K",
                    "v": "K"
                },
                {
                    "n": "L",
                    "v": "L"
                },
                {
                    "n": "M",
                    "v": "M"
                },
                {
                    "n": "N",
                    "v": "N"
                },
                {
                    "n": "O",
                    "v": "O"
                },
                {
                    "n": "P",
                    "v": "P"
                },
                {
                    "n": "Q",
                    "v": "Q"
                },
                {
                    "n": "R",
                    "v": "R"
                },
                {
                    "n": "S",
                    "v": "S"
                },
                {
                    "n": "T",
                    "v": "T"
                },
                {
                    "n": "U",
                    "v": "U"
                },
                {
                    "n": "V",
                    "v": "V"
                },
                {
                    "n": "W",
                    "v": "W"
                },
                {
                    "n": "X",
                    "v": "X"
                },
                {
                    "n": "Y",
                    "v": "Y"
                },
                {
                    "n": "Z",
                    "v": "Z"
                },
                {
                    "n": "0~9",
                    "v": "0~9"
                }
            ]
        },
        {
            "key": "by",
            "name": "by",
            "value": [
                {
                    "n": "时间",
                    "v": ""
                },
                {
                    "n": "人气",
                    "v": "人气"
                },
                {
                    "n": "评分",
                    "v": "评分"
                }
            ]
        }
    ],
    "2": [
        {
            "key": "class",
            "name": "class",
            "value": [
                {
                    "n": "悬疑",
                    "v": "悬疑"
                },
                {
                    "n": "武侠",
                    "v": "武侠"
                },
                {
                    "n": "科幻",
                    "v": "科幻"
                },
                {
                    "n": "都市",
                    "v": "都市"
                },
                {
                    "n": "爱情",
                    "v": "爱情"
                },
                {
                    "n": "古装",
                    "v": "古装"
                },
                {
                    "n": "战争",
                    "v": "战争"
                },
                {
                    "n": "青春",
                    "v": "青春"
                },
                {
                    "n": "偶像",
                    "v": "偶像"
                },
                {
                    "n": "喜剧",
                    "v": "喜剧"
                },
                {
                    "n": "家庭",
                    "v": "家庭"
                },
                {
                    "n": "奇幻",
                    "v": "奇幻"
                },
                {
                    "n": "剧情",
                    "v": "剧情"
                },
                {
                    "n": "乡村",
                    "v": "乡村"
                },
                {
                    "n": "年代",
                    "v": "年代"
                },
                {
                    "n": "警匪",
                    "v": "警匪"
                },
                {
                    "n": "谍战",
                    "v": "谍战"
                },
                {
                    "n": "历险",
                    "v": "历险"
                },
                {
                    "n": "罪案",
                    "v": "罪案"
                },
                {
                    "n": "宫廷",
                    "v": "宫廷"
                },
                {
                    "n": "经典",
                    "v": "经典"
                },
                {
                    "n": "动作",
                    "v": "动作"
                },
                {
                    "n": "惊悚",
                    "v": "惊悚"
                },
                {
                    "n": "历史",
                    "v": "历史"
                },
                {
                    "n": "穿越",
                    "v": "穿越"
                },
                {
                    "n": "同性",
                    "v": "同性"
                }
            ]
        },
        {
            "key": "area",
            "name": "area",
            "value": [
                {
                    "n": "大陆",
                    "v": "大陆"
                },
                {
                    "n": "香港",
                    "v": "香港"
                },
                {
                    "n": "台湾",
                    "v": "台湾"
                },
                {
                    "n": "韩国",
                    "v": "韩国"
                },
                {
                    "n": "日本",
                    "v": "日本"
                },
                {
                    "n": "新加坡",
                    "v": "新加坡"
                },
                {
                    "n": "泰国",
                    "v": "泰国"
                }
            ]
        },
        {
            "key": "year",
            "name": "year",
            "value": [
                {
                    "n": "2025",
                    "v": "2025"
                },
                {
                    "n": "2024",
                    "v": "2024"
                },
                {
                    "n": "2023",
                    "v": "2023"
                },
                {
                    "n": "2022",
                    "v": "2022"
                },
                {
                    "n": "2021",
                    "v": "2021"
                },
                {
                    "n": "2020",
                    "v": "2020"
                },
                {
                    "n": "2019",
                    "v": "2019"
                },
                {
                    "n": "2018",
                    "v": "2018"
                },
                {
                    "n": "2017",
                    "v": "2017"
                },
                {
                    "n": "更早",
                    "v": "更早"
                }
            ]
        },
        {
            "key": "lang",
            "name": "lang",
            "value": [
                {
                    "n": "国语",
                    "v": "国语"
                },
                {
                    "n": "粤语",
                    "v": "粤语"
                },
                {
                    "n": "韩语",
                    "v": "韩语"
                },
                {
                    "n": "泰语",
                    "v": "泰语"
                },
                {
                    "n": "日语",
                    "v": "日语"
                }
            ]
        },
        {
            "key": "letter",
            "name": "letter",
            "value": [
                {
                    "n": "A",
                    "v": "A"
                },
                {
                    "n": "B",
                    "v": "B"
                },
                {
                    "n": "C",
                    "v": "C"
                },
                {
                    "n": "D",
                    "v": "D"
                },
                {
                    "n": "E",
                    "v": "E"
                },
                {
                    "n": "F",
                    "v": "F"
                },
                {
                    "n": "G",
                    "v": "G"
                },
                {
                    "n": "H",
                    "v": "H"
                },
                {
                    "n": "I",
                    "v": "I"
                },
                {
                    "n": "J",
                    "v": "J"
                },
                {
                    "n": "K",
                    "v": "K"
                },
                {
                    "n": "L",
                    "v": "L"
                },
                {
                    "n": "M",
                    "v": "M"
                },
                {
                    "n": "N",
                    "v": "N"
                },
                {
                    "n": "O",
                    "v": "O"
                },
                {
                    "n": "P",
                    "v": "P"
                },
                {
                    "n": "Q",
                    "v": "Q"
                },
                {
                    "n": "R",
                    "v": "R"
                },
                {
                    "n": "S",
                    "v": "S"
                },
                {
                    "n": "T",
                    "v": "T"
                },
                {
                    "n": "U",
                    "v": "U"
                },
                {
                    "n": "V",
                    "v": "V"
                },
                {
                    "n": "W",
                    "v": "W"
                },
                {
                    "n": "X",
                    "v": "X"
                },
                {
                    "n": "Y",
                    "v": "Y"
                },
                {
                    "n": "Z",
                    "v": "Z"
                },
                {
                    "n": "0~9",
                    "v": "0~9"
                }
            ]
        },
        {
            "key": "by",
            "name": "by",
            "value": [
                {
                    "n": "时间",
                    "v": ""
                },
                {
                    "n": "人气",
                    "v": "人气"
                },
                {
                    "n": "评分",
                    "v": "评分"
                }
            ]
        }
    ],
    "20": [
        {
            "key": "class",
            "name": "class",
            "value": [
                {
                    "n": "悬疑",
                    "v": "悬疑"
                },
                {
                    "n": "武侠",
                    "v": "武侠"
                },
                {
                    "n": "科幻",
                    "v": "科幻"
                },
                {
                    "n": "都市",
                    "v": "都市"
                },
                {
                    "n": "爱情",
                    "v": "爱情"
                },
                {
                    "n": "古装",
                    "v": "古装"
                },
                {
                    "n": "战争",
                    "v": "战争"
                },
                {
                    "n": "青春",
                    "v": "青春"
                },
                {
                    "n": "偶像",
                    "v": "偶像"
                },
                {
                    "n": "喜剧",
                    "v": "喜剧"
                },
                {
                    "n": "家庭",
                    "v": "家庭"
                },
                {
                    "n": "奇幻",
                    "v": "奇幻"
                },
                {
                    "n": "剧情",
                    "v": "剧情"
                },
                {
                    "n": "乡村",
                    "v": "乡村"
                },
                {
                    "n": "年代",
                    "v": "年代"
                },
                {
                    "n": "警匪",
                    "v": "警匪"
                },
                {
                    "n": "谍战",
                    "v": "谍战"
                },
                {
                    "n": "历险",
                    "v": "历险"
                },
                {
                    "n": "罪案",
                    "v": "罪案"
                },
                {
                    "n": "宫廷",
                    "v": "宫廷"
                },
                {
                    "n": "经典",
                    "v": "经典"
                },
                {
                    "n": "动作",
                    "v": "动作"
                },
                {
                    "n": "惊悚",
                    "v": "惊悚"
                },
                {
                    "n": "历史",
                    "v": "历史"
                },
                {
                    "n": "穿越",
                    "v": "穿越"
                },
                {
                    "n": "同性",
                    "v": "同性"
                }
            ]
        },
        {
            "key": "area",
            "name": "area",
            "value": [
                {
                    "n": "大陆",
                    "v": "大陆"
                },
                {
                    "n": "香港",
                    "v": "香港"
                },
                {
                    "n": "台湾",
                    "v": "台湾"
                },
                {
                    "n": "韩国",
                    "v": "韩国"
                },
                {
                    "n": "日本",
                    "v": "日本"
                },
                {
                    "n": "新加坡",
                    "v": "新加坡"
                },
                {
                    "n": "泰国",
                    "v": "泰国"
                }
            ]
        },
        {
            "key": "year",
            "name": "year",
            "value": [
                {
                    "n": "2025",
                    "v": "2025"
                },
                {
                    "n": "2024",
                    "v": "2024"
                },
                {
                    "n": "2023",
                    "v": "2023"
                },
                {
                    "n": "2022",
                    "v": "2022"
                },
                {
                    "n": "2021",
                    "v": "2021"
                },
                {
                    "n": "2020",
                    "v": "2020"
                },
                {
                    "n": "2019",
                    "v": "2019"
                },
                {
                    "n": "2018",
                    "v": "2018"
                },
                {
                    "n": "2017",
                    "v": "2017"
                },
                {
                    "n": "更早",
                    "v": "更早"
                }
            ]
        },
        {
            "key": "lang",
            "name": "lang",
            "value": [
                {
                    "n": "国语",
                    "v": "国语"
                },
                {
                    "n": "粤语",
                    "v": "粤语"
                },
                {
                    "n": "韩语",
                    "v": "韩语"
                },
                {
                    "n": "泰语",
                    "v": "泰语"
                },
                {
                    "n": "日语",
                    "v": "日语"
                }
            ]
        },
        {
            "key": "letter",
            "name": "letter",
            "value": [
                {
                    "n": "A",
                    "v": "A"
                },
                {
                    "n": "B",
                    "v": "B"
                },
                {
                    "n": "C",
                    "v": "C"
                },
                {
                    "n": "D",
                    "v": "D"
                },
                {
                    "n": "E",
                    "v": "E"
                },
                {
                    "n": "F",
                    "v": "F"
                },
                {
                    "n": "G",
                    "v": "G"
                },
                {
                    "n": "H",
                    "v": "H"
                },
                {
                    "n": "I",
                    "v": "I"
                },
                {
                    "n": "J",
                    "v": "J"
                },
                {
                    "n": "K",
                    "v": "K"
                },
                {
                    "n": "L",
                    "v": "L"
                },
                {
                    "n": "M",
                    "v": "M"
                },
                {
                    "n": "N",
                    "v": "N"
                },
                {
                    "n": "O",
                    "v": "O"
                },
                {
                    "n": "P",
                    "v": "P"
                },
                {
                    "n": "Q",
                    "v": "Q"
                },
                {
                    "n": "R",
                    "v": "R"
                },
                {
                    "n": "S",
                    "v": "S"
                },
                {
                    "n": "T",
                    "v": "T"
                },
                {
                    "n": "U",
                    "v": "U"
                },
                {
                    "n": "V",
                    "v": "V"
                },
                {
                    "n": "W",
                    "v": "W"
                },
                {
                    "n": "X",
                    "v": "X"
                },
                {
                    "n": "Y",
                    "v": "Y"
                },
                {
                    "n": "Z",
                    "v": "Z"
                },
                {
                    "n": "0~9",
                    "v": "0~9"
                }
            ]
        },
        {
            "key": "by",
            "name": "by",
            "value": [
                {
                    "n": "时间",
                    "v": ""
                },
                {
                    "n": "人气",
                    "v": "人气"
                },
                {
                    "n": "评分",
                    "v": "评分"
                }
            ]
        }
    ],
    "21": [
        {
            "key": "class",
            "name": "class",
            "value": [
                {
                    "n": "悬疑",
                    "v": "悬疑"
                },
                {
                    "n": "武侠",
                    "v": "武侠"
                },
                {
                    "n": "科幻",
                    "v": "科幻"
                },
                {
                    "n": "都市",
                    "v": "都市"
                },
                {
                    "n": "爱情",
                    "v": "爱情"
                },
                {
                    "n": "古装",
                    "v": "古装"
                },
                {
                    "n": "战争",
                    "v": "战争"
                },
                {
                    "n": "青春",
                    "v": "青春"
                },
                {
                    "n": "偶像",
                    "v": "偶像"
                },
                {
                    "n": "喜剧",
                    "v": "喜剧"
                },
                {
                    "n": "家庭",
                    "v": "家庭"
                },
                {
                    "n": "奇幻",
                    "v": "奇幻"
                },
                {
                    "n": "剧情",
                    "v": "剧情"
                },
                {
                    "n": "乡村",
                    "v": "乡村"
                },
                {
                    "n": "年代",
                    "v": "年代"
                },
                {
                    "n": "警匪",
                    "v": "警匪"
                },
                {
                    "n": "谍战",
                    "v": "谍战"
                },
                {
                    "n": "历险",
                    "v": "历险"
                },
                {
                    "n": "罪案",
                    "v": "罪案"
                },
                {
                    "n": "宫廷",
                    "v": "宫廷"
                },
                {
                    "n": "经典",
                    "v": "经典"
                },
                {
                    "n": "动作",
                    "v": "动作"
                },
                {
                    "n": "惊悚",
                    "v": "惊悚"
                },
                {
                    "n": "历史",
                    "v": "历史"
                },
                {
                    "n": "穿越",
                    "v": "穿越"
                },
                {
                    "n": "同性",
                    "v": "同性"
                }
            ]
        },
        {
            "key": "area",
            "name": "area",
            "value": [
                {
                    "n": "大陆",
                    "v": "大陆"
                },
                {
                    "n": "香港",
                    "v": "香港"
                },
                {
                    "n": "台湾",
                    "v": "台湾"
                },
                {
                    "n": "韩国",
                    "v": "韩国"
                },
                {
                    "n": "日本",
                    "v": "日本"
                },
                {
                    "n": "新加坡",
                    "v": "新加坡"
                },
                {
                    "n": "泰国",
                    "v": "泰国"
                }
            ]
        },
        {
            "key": "year",
            "name": "year",
            "value": [
                {
                    "n": "2025",
                    "v": "2025"
                },
                {
                    "n": "2024",
                    "v": "2024"
                },
                {
                    "n": "2023",
                    "v": "2023"
                },
                {
                    "n": "2022",
                    "v": "2022"
                },
                {
                    "n": "2021",
                    "v": "2021"
                },
                {
                    "n": "2020",
                    "v": "2020"
                },
                {
                    "n": "2019",
                    "v": "2019"
                },
                {
                    "n": "2018",
                    "v": "2018"
                },
                {
                    "n": "2017",
                    "v": "2017"
                },
                {
                    "n": "更早",
                    "v": "更早"
                }
            ]
        },
        {
            "key": "lang",
            "name": "lang",
            "value": [
                {
                    "n": "国语",
                    "v": "国语"
                },
                {
                    "n": "粤语",
                    "v": "粤语"
                },
                {
                    "n": "韩语",
                    "v": "韩语"
                },
                {
                    "n": "泰语",
                    "v": "泰语"
                },
                {
                    "n": "日语",
                    "v": "日语"
                }
            ]
        },
        {
            "key": "letter",
            "name": "letter",
            "value": [
                {
                    "n": "A",
                    "v": "A"
                },
                {
                    "n": "B",
                    "v": "B"
                },
                {
                    "n": "C",
                    "v": "C"
                },
                {
                    "n": "D",
                    "v": "D"
                },
                {
                    "n": "E",
                    "v": "E"
                },
                {
                    "n": "F",
                    "v": "F"
                },
                {
                    "n": "G",
                    "v": "G"
                },
                {
                    "n": "H",
                    "v": "H"
                },
                {
                    "n": "I",
                    "v": "I"
                },
                {
                    "n": "J",
                    "v": "J"
                },
                {
                    "n": "K",
                    "v": "K"
                },
                {
                    "n": "L",
                    "v": "L"
                },
                {
                    "n": "M",
                    "v": "M"
                },
                {
                    "n": "N",
                    "v": "N"
                },
                {
                    "n": "O",
                    "v": "O"
                },
                {
                    "n": "P",
                    "v": "P"
                },
                {
                    "n": "Q",
                    "v": "Q"
                },
                {
                    "n": "R",
                    "v": "R"
                },
                {
                    "n": "S",
                    "v": "S"
                },
                {
                    "n": "T",
                    "v": "T"
                },
                {
                    "n": "U",
                    "v": "U"
                },
                {
                    "n": "V",
                    "v": "V"
                },
                {
                    "n": "W",
                    "v": "W"
                },
                {
                    "n": "X",
                    "v": "X"
                },
                {
                    "n": "Y",
                    "v": "Y"
                },
                {
                    "n": "Z",
                    "v": "Z"
                },
                {
                    "n": "0~9",
                    "v": "0~9"
                }
            ]
        },
        {
            "key": "by",
            "name": "by",
            "value": [
                {
                    "n": "时间",
                    "v": ""
                },
                {
                    "n": "人气",
                    "v": "人气"
                },
                {
                    "n": "评分",
                    "v": "评分"
                }
            ]
        }
    ],
    "3": [
        {
            "key": "class",
            "name": "class",
            "value": [
                {
                    "n": "真人秀",
                    "v": "真人秀"
                },
                {
                    "n": "选秀",
                    "v": "选秀"
                },
                {
                    "n": "竞演",
                    "v": "竞演"
                },
                {
                    "n": "情感",
                    "v": "情感"
                },
                {
                    "n": "旅游",
                    "v": "旅游"
                },
                {
                    "n": "音乐",
                    "v": "音乐"
                },
                {
                    "n": "美食",
                    "v": "美食"
                },
                {
                    "n": "纪实",
                    "v": "纪实"
                },
                {
                    "n": "生活",
                    "v": "生活"
                },
                {
                    "n": "游戏互动",
                    "v": "游戏互动"
                },
                {
                    "n": "竞技",
                    "v": "竞技"
                },
                {
                    "n": "搞笑",
                    "v": "搞笑"
                },
                {
                    "n": "脱口秀",
                    "v": "脱口秀"
                }
            ]
        },
        {
            "key": "area",
            "name": "area",
            "value": [
                {
                    "n": "大陆",
                    "v": "大陆"
                },
                {
                    "n": "韩国",
                    "v": "韩国"
                }
            ]
        },
        {
            "key": "year",
            "name": "year",
            "value": [
                {
                    "n": "2025",
                    "v": "2025"
                },
                {
                    "n": "2024",
                    "v": "2024"
                },
                {
                    "n": "2023",
                    "v": "2023"
                },
                {
                    "n": "2022",
                    "v": "2022"
                },
                {
                    "n": "2021",
                    "v": "2021"
                },
                {
                    "n": "2020",
                    "v": "2020"
                },
                {
                    "n": "2019",
                    "v": "2019"
                },
                {
                    "n": "更早",
                    "v": "更早"
                }
            ]
        },
        {
            "key": "lang",
            "name": "lang",
            "value": [
                {
                    "n": "国语",
                    "v": "国语"
                },
                {
                    "n": "韩语",
                    "v": "韩语"
                }
            ]
        },
        {
            "key": "letter",
            "name": "letter",
            "value": [
                {
                    "n": "A",
                    "v": "A"
                },
                {
                    "n": "B",
                    "v": "B"
                },
                {
                    "n": "C",
                    "v": "C"
                },
                {
                    "n": "D",
                    "v": "D"
                },
                {
                    "n": "E",
                    "v": "E"
                },
                {
                    "n": "F",
                    "v": "F"
                },
                {
                    "n": "G",
                    "v": "G"
                },
                {
                    "n": "H",
                    "v": "H"
                },
                {
                    "n": "I",
                    "v": "I"
                },
                {
                    "n": "J",
                    "v": "J"
                },
                {
                    "n": "K",
                    "v": "K"
                },
                {
                    "n": "L",
                    "v": "L"
                },
                {
                    "n": "M",
                    "v": "M"
                },
                {
                    "n": "N",
                    "v": "N"
                },
                {
                    "n": "O",
                    "v": "O"
                },
                {
                    "n": "P",
                    "v": "P"
                },
                {
                    "n": "Q",
                    "v": "Q"
                },
                {
                    "n": "R",
                    "v": "R"
                },
                {
                    "n": "S",
                    "v": "S"
                },
                {
                    "n": "T",
                    "v": "T"
                },
                {
                    "n": "U",
                    "v": "U"
                },
                {
                    "n": "V",
                    "v": "V"
                },
                {
                    "n": "W",
                    "v": "W"
                },
                {
                    "n": "X",
                    "v": "X"
                },
                {
                    "n": "Y",
                    "v": "Y"
                },
                {
                    "n": "Z",
                    "v": "Z"
                },
                {
                    "n": "0~9",
                    "v": "0~9"
                }
            ]
        },
        {
            "key": "by",
            "name": "by",
            "value": [
                {
                    "n": "时间",
                    "v": ""
                },
                {
                    "n": "人气",
                    "v": "人气"
                },
                {
                    "n": "评分",
                    "v": "评分"
                }
            ]
        }
    ],
    "4": [
        {
            "key": "class",
            "name": "class",
            "value": [
                {
                    "n": "悬疑",
                    "v": "悬疑"
                },
                {
                    "n": "武侠",
                    "v": "武侠"
                },
                {
                    "n": "科幻",
                    "v": "科幻"
                },
                {
                    "n": "都市",
                    "v": "都市"
                },
                {
                    "n": "爱情",
                    "v": "爱情"
                },
                {
                    "n": "古装",
                    "v": "古装"
                },
                {
                    "n": "战争",
                    "v": "战争"
                },
                {
                    "n": "青春",
                    "v": "青春"
                },
                {
                    "n": "偶像",
                    "v": "偶像"
                },
                {
                    "n": "喜剧",
                    "v": "喜剧"
                },
                {
                    "n": "家庭",
                    "v": "家庭"
                },
                {
                    "n": "奇幻",
                    "v": "奇幻"
                },
                {
                    "n": "剧情",
                    "v": "剧情"
                },
                {
                    "n": "乡村",
                    "v": "乡村"
                },
                {
                    "n": "年代",
                    "v": "年代"
                },
                {
                    "n": "警匪",
                    "v": "警匪"
                },
                {
                    "n": "谍战",
                    "v": "谍战"
                },
                {
                    "n": "历险",
                    "v": "历险"
                },
                {
                    "n": "罪案",
                    "v": "罪案"
                },
                {
                    "n": "宫廷",
                    "v": "宫廷"
                },
                {
                    "n": "经典",
                    "v": "经典"
                },
                {
                    "n": "动作",
                    "v": "动作"
                },
                {
                    "n": "惊悚",
                    "v": "惊悚"
                },
                {
                    "n": "历史",
                    "v": "历史"
                },
                {
                    "n": "穿越",
                    "v": "穿越"
                },
                {
                    "n": "同性",
                    "v": "同性"
                }
            ]
        },
        {
            "key": "area",
            "name": "area",
            "value": [
                {
                    "n": "大陆",
                    "v": "大陆"
                },
                {
                    "n": "香港",
                    "v": "香港"
                },
                {
                    "n": "台湾",
                    "v": "台湾"
                },
                {
                    "n": "韩国",
                    "v": "韩国"
                },
                {
                    "n": "日本",
                    "v": "日本"
                },
                {
                    "n": "新加坡",
                    "v": "新加坡"
                },
                {
                    "n": "泰国",
                    "v": "泰国"
                }
            ]
        },
        {
            "key": "year",
            "name": "year",
            "value": [
                {
                    "n": "2025",
                    "v": "2025"
                },
                {
                    "n": "2024",
                    "v": "2024"
                },
                {
                    "n": "2023",
                    "v": "2023"
                },
                {
                    "n": "2022",
                    "v": "2022"
                },
                {
                    "n": "2021",
                    "v": "2021"
                },
                {
                    "n": "2020",
                    "v": "2020"
                },
                {
                    "n": "2019",
                    "v": "2019"
                },
                {
                    "n": "2018",
                    "v": "2018"
                },
                {
                    "n": "2017",
                    "v": "2017"
                },
                {
                    "n": "更早",
                    "v": "更早"
                }
            ]
        },
        {
            "key": "lang",
            "name": "lang",
            "value": [
                {
                    "n": "国语",
                    "v": "国语"
                },
                {
                    "n": "粤语",
                    "v": "粤语"
                },
                {
                    "n": "韩语",
                    "v": "韩语"
                },
                {
                    "n": "泰语",
                    "v": "泰语"
                },
                {
                    "n": "日语",
                    "v": "日语"
                }
            ]
        },
        {
            "key": "letter",
            "name": "letter",
            "value": [
                {
                    "n": "A",
                    "v": "A"
                },
                {
                    "n": "B",
                    "v": "B"
                },
                {
                    "n": "C",
                    "v": "C"
                },
                {
                    "n": "D",
                    "v": "D"
                },
                {
                    "n": "E",
                    "v": "E"
                },
                {
                    "n": "F",
                    "v": "F"
                },
                {
                    "n": "G",
                    "v": "G"
                },
                {
                    "n": "H",
                    "v": "H"
                },
                {
                    "n": "I",
                    "v": "I"
                },
                {
                    "n": "J",
                    "v": "J"
                },
                {
                    "n": "K",
                    "v": "K"
                },
                {
                    "n": "L",
                    "v": "L"
                },
                {
                    "n": "M",
                    "v": "M"
                },
                {
                    "n": "N",
                    "v": "N"
                },
                {
                    "n": "O",
                    "v": "O"
                },
                {
                    "n": "P",
                    "v": "P"
                },
                {
                    "n": "Q",
                    "v": "Q"
                },
                {
                    "n": "R",
                    "v": "R"
                },
                {
                    "n": "S",
                    "v": "S"
                },
                {
                    "n": "T",
                    "v": "T"
                },
                {
                    "n": "U",
                    "v": "U"
                },
                {
                    "n": "V",
                    "v": "V"
                },
                {
                    "n": "W",
                    "v": "W"
                },
                {
                    "n": "X",
                    "v": "X"
                },
                {
                    "n": "Y",
                    "v": "Y"
                },
                {
                    "n": "Z",
                    "v": "Z"
                },
                {
                    "n": "0~9",
                    "v": "0~9"
                }
            ]
        },
        {
            "key": "by",
            "name": "by",
            "value": [
                {
                    "n": "时间",
                    "v": ""
                },
                {
                    "n": "人气",
                    "v": "人气"
                },
                {
                    "n": "评分",
                    "v": "评分"
                }
            ]
        }
    ]
}