{"1": [{"key": "area","name": "area","value": [{"n": "大陆","v": "大陆"},{"n": "香港","v": "香港"},{"n": "台湾","v": "台湾"},{"n": "欧美","v": "俄罗斯,加拿大,德国,意大利,法国,欧美,美国,英国,西班牙"},{"n": "日本","v": "日本"},{"n": "韩国","v": "韩国"},{"n": "泰国","v": "泰国"},{"n": "其他","v": "其他,印度,新加坡,马来西亚"}]},{"key": "year","name": "year","value": [{"n": "2025","v": "2025"},{"n": "2024","v": "2024"},{"n": "2023","v": "2023"},{"n": "2022","v": "2022"},{"n": "2021","v": "2021"},{"n": "2020","v": "2020"},{"n": "2019","v": "2019"},{"n": "2018","v": "2018"},{"n": "2017","v": "2017"},{"n": "2016","v": "2016"},{"n": "10-15年","v": "2015,2014,2013,2012,2011,2010"},{"n": "00年代","v": "2000,2001,2002,2003,2004,2005,2006,2007,2008,2009"},{"n": "90年代","v": "1990,1991,1992,1993,1994,1995,1996,1997,1998,1999"},{"n": "80年代","v": "1980,1981,1982,1983,1984,1985,1986,1987,1988,1989"},{"n": "更早","v": "2"}]},{"key": "sub","name": "sub","value": [{"n": "悬疑片","v": "29"},{"n": "喜剧片","v": "6"},{"n": "爱情片","v": "7"},{"n": "科幻片","v": "8"},{"n": "恐怖片","v": "9"},{"n": "剧情片","v": "10"},{"n": "战争片","v": "11"},{"n": "动画片","v": "36"},{"n": "纪录片","v": "20"},{"n": "灾难片","v": "38"},{"n": "犯罪片","v": "61"}]},{"key": "sort","name": "sort","value": [{"n": "最新","v": "d_addtime"},{"n": "最热","v": "d_score"}]}],"2": [{"key": "area","name": "area","value": [{"n": "大陆","v": "大陆"},{"n": "香港","v": "香港"},{"n": "台湾","v": "台湾"},{"n": "欧美","v": "俄罗斯,加拿大,德国,意大利,法国,欧美,美国,英国,西班牙"},{"n": "日本","v": "日本"},{"n": "韩国","v": "韩国"},{"n": "泰国","v": "泰国"},{"n": "其他","v": "其他,印度,新加坡,马来西亚"}]},{"key": "year","name": "year","value": [{"n": "2025","v": "2025"},{"n": "2024","v": "2024"},{"n": "2023","v": "2023"},{"n": "2022","v": "2022"},{"n": "2021","v": "2021"},{"n": "2020","v": "2020"},{"n": "2019","v": "2019"},{"n": "2018","v": "2018"},{"n": "2017","v": "2017"},{"n": "2016","v": "2016"},{"n": "10-15年","v": "2015,2014,2013,2012,2011,2010"},{"n": "00年代","v": "2000,2001,2002,2003,2004,2005,2006,2007,2008,2009"},{"n": "90年代","v": "1990,1991,1992,1993,1994,1995,1996,1997,1998,1999"},{"n": "80年代","v": "1980,1981,1982,1983,1984,1985,1986,1987,1988,1989"},{"n": "更早","v": "2"}]},{"key": "sub","name": "sub","value": [{"n": "香港剧","v": "13"},{"n": "台湾剧","v": "14"},{"n": "欧美剧","v": "15"},{"n": "日本剧","v": "16"},{"n": "韩国剧","v": "17"},{"n": "海外剧","v": "18"},{"n": "泰国剧","v": "19"},{"n": "新加坡","v": "69"}]},{"key": "sort","name": "sort","value": [{"n": "最新","v": "d_addtime"},{"n": "最热","v": "d_score"}]}],"3": [{"key": "area","name": "area","value": [{"n": "大陆","v": "大陆"},{"n": "香港","v": "香港"},{"n": "台湾","v": "台湾"},{"n": "欧美","v": "俄罗斯,加拿大,德国,意大利,法国,欧美,美国,英国,西班牙"},{"n": "日本","v": "日本"},{"n": "韩国","v": "韩国"},{"n": "泰国","v": "泰国"},{"n": "其他","v": "其他,印度,新加坡,马来西亚"}]},{"key": "year","name": "year","value": [{"n": "2025","v": "2025"},{"n": "2024","v": "2024"},{"n": "2023","v": "2023"},{"n": "2022","v": "2022"},{"n": "2021","v": "2021"},{"n": "2020","v": "2020"},{"n": "2019","v": "2019"},{"n": "2018","v": "2018"},{"n": "2017","v": "2017"},{"n": "2016","v": "2016"},{"n": "10-15年","v": "2015,2014,2013,2012,2011,2010"},{"n": "00年代","v": "2000,2001,2002,2003,2004,2005,2006,2007,2008,2009"},{"n": "90年代","v": "1990,1991,1992,1993,1994,1995,1996,1997,1998,1999"},{"n": "80年代","v": "1980,1981,1982,1983,1984,1985,1986,1987,1988,1989"},{"n": "更早","v": "2"}]},{"key": "sub","name": "sub","value": [{"n": "港台综艺","v": "23"},{"n": "日韩综艺","v": "24"},{"n": "欧美综艺","v": "25"}]},{"key": "sort","name": "sort","value": [{"n": "最新","v": "d_addtime"},{"n": "最热","v": "d_score"}]}],"4": [{"key": "area","name": "area","value": [{"n": "大陆","v": "大陆"},{"n": "香港","v": "香港"},{"n": "台湾","v": "台湾"},{"n": "欧美","v": "俄罗斯,加拿大,德国,意大利,法国,欧美,美国,英国,西班牙"},{"n": "日本","v": "日本"},{"n": "韩国","v": "韩国"},{"n": "泰国","v": "泰国"},{"n": "其他","v": "其他,印度,新加坡,马来西亚"}]},{"key": "year","name": "year","value": [{"n": "2025","v": "2025"},{"n": "2024","v": "2024"},{"n": "2023","v": "2023"},{"n": "2022","v": "2022"},{"n": "2021","v": "2021"},{"n": "2020","v": "2020"},{"n": "2019","v": "2019"},{"n": "2018","v": "2018"},{"n": "2017","v": "2017"},{"n": "2016","v": "2016"},{"n": "10-15年","v": "2015,2014,2013,2012,2011,2010"},{"n": "00年代","v": "2000,2001,2002,2003,2004,2005,2006,2007,2008,2009"},{"n": "90年代","v": "1990,1991,1992,1993,1994,1995,1996,1997,1998,1999"},{"n": "80年代","v": "1980,1981,1982,1983,1984,1985,1986,1987,1988,1989"},{"n": "更早","v": "2"}]},{"key": "sub","name": "sub","value": [{"n": "日本动漫","v": "31"},{"n": " 欧美动漫","v": "33"}]},{"key": "sort","name": "sort","value": [{"n": "最新","v": "d_addtime"},{"n": "最热","v": "d_score"}]}],"64": [{"key": "sort","name": "sort","value": [{"n": "最新","v": "d_addtime"},{"n": "最热","v": "d_score"}]}]}