

{
    "spider": "./spider.jar",
    "wallpaper": "http://bobohome.ignorelist.com:20247/bing",
    "logo": "http://127.0.0.1:9978/file/TVBox/logo.png",
    "lives": [
{ "name": "❤️能能TV直播","type": 1,"url": "https://gh-proxy.com/https://raw.githubusercontent.com/develop202/migu_video/refs/heads/main/interface.txt"},

{ "name": "❤️飞扬TV直播","type": 1,"url": "https://cloud.7so.top/f/9QKyU2/%E9%A3%9E%E6%89%AC.jpg"},

{ "name": "❤️裤佬TV直播","type": 1,"url": "https://gh-proxy.org/https://raw.githubusercontent.com/Jsnzkpg/Jsnzkpg/Jsnzkpg/Jsnzkpg1"},

{ "name": "❤️稳哥TV直播","type": 1,"url": "http://dow.v6x.wht.dgwht.top/file/0ed5edb6a5af3849/c8aa1f2118b266cfa38a0fc034717ab1"},

{"name": "❤️冰茶TV直播","type": 0,"playerType": 2,"url": "https://bc.188766.xyz/?ip=&mima=bingcha1130&huikan=1&json=true","ua": "bingcha/1.1(mianfeifenxiang)"},

{ "name": "❤️白雪TV直播","type": 1,"url": "http://bxtv.3a.ink/live.txt"},

{"name": "❤️日后TV直播","type": 0,"url":"http://rihou.cc:555/gggg.nzk","playerType": 2,"ua": "okhttp/3","epg": "https://epg.112114.eu.org/?ch={name}&date={date}","logo": "https://epg.112114.eu.org/logo/{name}.png"},

{ "name": "❤️易发TV直播","type": 1,"url": "https://gh-proxy.org/https://raw.githubusercontent.com/fafa002/yf2025/refs/heads/main/yiyifafa.txt"},

{"name": "❤️JackTV直播{翻}","url": "https://php.946985.filegear-sg.me/jackTV.m3u","header": {"User-Agent":"Mozilla/5.0 (Windows NT 10.0; Win64; x64) AppleWebKit/537.36 (KHTML, like Gecko) Chrome/91.0.4472.124 Safari/537.36"}}
],
    "sites": [
        {
            "key": "豆瓣",
            "name": "豆瓣｜首页",
            "type": 3,
            "api": "csp_Douban",
            "searchable": 0
        },
        {
            "key": "配置中心",
            "name": "配置｜中心",
            "type": 3,
            "api": "csp_Config",
            "searchable": 0,
            "changeable": 0,
            "indexs": 0,
            "style": {
                "type": "rect",
                "ratio": 1.597
            }
        },
        {
            "key": "预告",
            "name": "新片｜预告",
            "type": 3,
            "api": "csp_YGP",
            "searchable": 0
        },
        {
            "key": "本地",
            "name": "本地｜视频",
            "type": 3,
            "api": "csp_LocalFile"
        },
        {   "key":"猫直播",
"name":"🐼猫直播",
"type":3,
"api":"./js/cattv.js",
"ext":"./js/cattv.txt"
},
{
            "key": "直播转点播", 
            "name": "💃 ┃聚合直播", 
            "type": 3, 
            "searchable": 0, 
            "quickSearch": 0,
            "api": "./lib/apiv2480livevod.js", 
            "ext": "./lib/lives.json"
        }, 
{"key":"直播转点播",
"name":"📺珍爱电视",
"type":3,
"api":"./js/live2vod.js",
"ext":"./json/feimaolive.json"}, 
{
            "key": "网络直播",
            "name": "网络｜直播",
            "type": 3,
            "api": "https://git.yylx.win/raw.githubusercontent.com/PizazzGY/NewTVBox/main/webcast/py/WLZB.py"
        },
        {
"key":"裤佬电视直播",
"name":"❤️能能丨电视丨直播",
"type":3,
"searchable":0,
"changeable":0,
"api":"https://down.nigx.cn/upld.zone.id/uploads/q9iq9e5iq/zbzdb.js",
"ext":"./json/zbzdb.json"
},
       {
"key":"裤佬电台直播",
"name":"❤️能能丨电台丨直播",
"type":3,
"api":"http://rihou.cc:88/js/drpy2.min.js",
"ext":"http://rihou.cc:88/js/蜻蜓FM.js"
        },
        {
            "key": "裤佬瓜子体育",
            "name": "❤️能能丨瓜子丨体育",
            "type": 3,
 "jar": "./lib/lnys.jar",
            "api": "csp_AweSomeGuard",
            "searchable": 0,
            "quickSearch": 0,
            "changeable": 0,
            "style": {
                "type": "list"
            },
            "ext": {
                "sp": "GzSport"
            },
            "timeout": 10
            },
          {
            "key": "裤佬糯米影视",
            "name": "❤️能能丨糯米丨影视",
            "type": 3,
            "jar": "./lib/lnys.jar",
            "api": "csp_AweSomeGuard",
            "searchable": 1,
            "quickSearch": 1,
            "changeable": 1,
            "filterable": 1,
            "ext": {
                "sp": "Nmys",
                "danmu": true
            },
            "timeout": 10
        },
        {
            "key": "裤佬天天影视",
            "name": "❤️能能丨天天丨影视",
            "type": 3,
            "jar": "./lib/lnys.jar",
            "api": "csp_AweSomeGuard",
            "searchable": 1,
            "quickSearch": 1,
            "changeable": 1,
            "filterable": 1,
            "ext": {
                "sp": "TianTian",
                "danmu": true,
                "site": 0
            },
            "timeout": 10
        },
             {
            "key": "裤佬雄鹰影视",
            "name": "❤️能能丨雄鹰丨影视",
            "type": 3,
             "jar": "./lib/lnys.jar",
            "api": "csp_AweSomeGuard",
            "searchable": 1,
            "quickSearch": 1,
            "changeable": 0,
            "filterable": 1,
            "ext": {
                "sp": "XiongYing",
                "danmu": true
            },
            "timeout": 10
           },          
            {
            "key": "裤佬佩琪影视",
            "name": "❤️能能丨佩琪丨影视",
            "type": 3,
             "jar": "./lib/lnys.jar",
            "api": "csp_AweSomeGuard",
            "searchable": 1,
            "quickSearch": 1,
            "changeable": 0,
            "filterable": 1,
            "ext": {
                "sp": "XiaoZhu",
                "danmu": true
            },
            "timeout": 10
        },
        {
            "key": "裤佬一起影视",
            "name": "❤️能能丨一起丨影视",
            "type": 3,
             "jar": "./lib/lnys.jar",
            "api": "csp_AweSomeGuard",
            "searchable": 1,
            "quickSearch": 1,
            "changeable": 1,
            "filterable": 1,
            "ext": {
                "sp": "Yqs",
                "danmu": true
            },
            "timeout": 10
            },
   {
            "key": "裤佬比特影视",
            "name": "❤️能能丨比特丨影视",
            "type": 3,
             "jar": "./lib/lnys.jar",
            "api": "csp_AweSomeGuard",
            "searchable": 1,
            "quickSearch": 1,
            "changeable": 1,
            "ext": {
                "sp": "Btt",
                "danmu": true
            },
            "timeout": 10
           },         
           {
            "key": "裤佬韩圈影视",
            "name": "❤️能能丨韩圈丨影视",
            "type": 3,
 "jar": "./lib/lnys.jar",
              "api": "csp_AweSomeGuard",
            "playerType": 2,
            "searchable": 1,
            "quickSearch": 1,
            "changeable": 1,
            "filterable": 1,
            "ext": {
                "sp": "HanXiaoQuan",
                "danmu": true
            },
            "timeout": 10
            },
{
            "key": "裤佬6V影视",
            "name": "❤️能能丨6V丨影视",
            "type": 3,
 "jar": "./lib/lnys.jar",
            "api": "csp_AweSomeGuard",
            "searchable": 1,
            "quickSearch": 1,
            "changeable": 0,
            "ext": {
                "sp": "Xb6v"
            },
            "timeout": 20
            },
{
            "key": "裤佬奇奇影视",
            "name": "❤️能能丨奇奇丨影视",
            "type": 3,
 "jar": "./lib/lnys.jar",
            "api": "csp_AweSomeGuard",
            "searchable": 1,
            "quickSearch": 1,
            "changeable": 0,
            "filterable": 1,
            "ext": {
                "sp": "QiQi",
                "danmu": true
            },
            "timeout": 10
            },
            {
"key":"裤佬泥巴影视",
"name":"❤️能能丨泥巴丨影视",
"type":3,
 "jar": "./lib/lnys.jar",
"api":"http://rihou.cc:88/js/drpy2.min.js",
"ext":"http://rihou.cc:88/js/泥泥视频.js"
            },
            {
            "key": "裤佬MG影视",
            "name": "❤️能能丨MG丨影视",
            "type": 3,
 "jar": "./lib/lnys.jar",
            "playerType": "2",
            "api": "https://tvbox.catvod.com/js/drpy2.min.js",
            "ext": "https://tvbox.catvod.com/js/mgtv.js"
        },
   {
            "key": "裤佬独播JS",
            "name": "❤️能能丨独播丨JS",
            "type": 3,
"jar": "./lib/lnys.jar",
            "api": "https://mpimg.cn/down.php/fbe5493683cbef26437721513d495d7d.js",
            "searchable": 1,
            "quickSearch": 1,
            "filterable": 1
            },
             {
            "key": "裤佬酷六JS",
            "name": "❤️能能丨酷六丨JS",
            "type": 3,
"jar": "./lib/lnys.jar",
            "api": "https://wget.la/https://raw.githubusercontent.com/qist/tvbox/master/lib/drpy2.min.js",
            "changeable": 0,
            "ext": "https://wget.la/https://raw.githubusercontent.com/qist/tvbox/master/js/酷6网.js"
             },     
            {
            "key": "裤佬海龟JS",
            "name": "❤️能能丨海龟丨JS",
            "type": 3,
"jar": "./lib/lnys.jar",
            "api": "https://mpimg.cn/down.php/f6690a283956c245aee15ef24411afde.js",
            "style": {
                "type": "rect",
                "ratio": 1.33
            },
            "changeable": 1
            },
{
"key":"裤佬两个BT",
"name":"❤️能能丨2BT丨PY",
"api":"https://mpimg.cn/down.php/447cf39f4cb26681ecacfd7f29cd0029.py",
"filterable":1,
"quickSearch":1,
"searchable":1,
"type":3

},
           {
      "key": "裤佬爬虫影视",
      "name": "❤️能能丨爬虫丨影视",
      "type": 1,
       "jar": "./lib/lnys.jar",
      "api": "https://dy.7772888.xyz/api.php/tvbox",
      "searchable": 1,
      "quickSearch": 1,
      "filterable": 1
            },
            {
            "key": "裤佬网易影视",
            "name": "❤️能能丨网易丨影视",
            "type": 3,
             "jar": "./lib/lnys.jar",
            "api": "https://wget.la/https://raw.githubusercontent.com/qist/tvbox/master/lib/drpy2.min.js",
            "changeable": 0,
            "ext": "https://wget.la/https://raw.githubusercontent.com/qist/tvbox/master/js/网易公版影像.js"
            },
           {
            "key": "裤佬哔哩影视",
            "name": "❤️能能丨哔哩丨影视",
            "type": 3,
             "jar": "./lib/lnys.jar",
            "api": "csp_AweSomeGuard",
            "searchable": 1,
            "quickSearch": 0,
            "changeable": 0,
            "filterable": 1,
            "style": {
                "type": "rect",
                "ratio": 1.433
            },
            "ext": {
                "sp": "Bilimd"
            },
            "timeout": 10
             },
{
            "key": "柠檬",
            "name": "💡柠檬｜影视",
            "type": 3,
            "api": "csp_Nmvod",
            "playerType": 2,
            "jar": "./lib/柠檬.jar",
            "ext": "7lj763gg402i7942503g839jg74h8h88highi40799jh6i6k454419l0l5184k0g549h0kg2i01i838i2h42g891lgg1"
        },
        {
            "key": "数字",
            "name": "👑数字丨弹幕",
            "type": 3,
            "quickSearch": 1,
            "api": "csp_AppGet",
            "ext": {
                "url": "http://app1-0-0.87333.cc",
                "dataKey": "VwsHxkCViDXEExWa",
                "dataIv": "VwsHxkCViDXEExWa"
            }
        },
          {
            "key": "老丫",
            "name": "👑老雅┃影视",
            "type": 3,
            "searchable": 1,
            "quickSearch": 1,
            "filterable": 1,
            "changeable": 1,
            "api": "./lib/c971b46d3dedf50d9cb99ae963206db6.js",
            "ext": {
                "host": "https://app2512.ystva.com"
            }
        },
             
{
            "key": "T4-jianpian2",
            "name": "影视-荐片2(T4)",
            "type": 4,
            "api": "https://catbox.n13.club/t9/jianpian2.php"
        },
        {
      "key": "藤藤",
      "name": "腾讯💯天神4K",
      "type": 3,
      "api": "https://gitee.com/cpu-iy/lib/raw/master/lib/drpy2.min.js",
      "ext": "https://gitee.com/cpu-iy/iy/raw/master/lib/%E8%97%A4%E8%97%A4.png"
    },
    {
      "key": "茫茫",
      "name": "芒果💯天神4K",
      "type": 3,
      "api": "https://gitee.com/cpu-iy/lib/raw/master/lib/drpy2.min.js",
      "ext": "https://gitee.com/cpu-iy/iy/raw/master/lib/%E8%8C%AB%E8%8C%AB.png"
    },
    {
      "key": "至臻清风-7",
      "name": "岁岁💯解析4K",
      "type": 4,
      "api": "http://sspa8.top:8100/php/清风.php",
      "searchable": 1,
      "quickSearch": 1,
      "changeable": 0
    },
    {
      "key": "至臻",
      "name": "奇迹💯百度4K",
      "type": 3,
      "api": "csp_AweSomeGuard",
      "jar": "https://gitee.com/M60m/60/raw/master/lib/%E5%A5%87%E8%BF%B9%E4%BA%91yunok.png",
      "searchable": 1,
      "quickSearch": 1,
      "changeable": 1,
      "filterable": 1,
      "ext": {
        "sp": "ZhiZhen",
        "cookie": "http://14.103.129.80:999/暗黑4k奇迹/lib/yunAkick.jpg",
        "uc_cookie": "http://gh.llkk.cc/https://raw.githubusercontent.com/IY-CPU/IY/main/jars/uc.png",
        "baidu_cookie": "https://gitee.com/M60m/60/raw/master/lib/%E5%A5%87%E8%BF%B9%E4%BA%91_bd.txt"
      },
      "timeout": 25
    },
     {
      "key": "玩偶",
      "name": "奇迹2💯百度4K",
      "type": 3,
      "api": "csp_AweSomeGuard",
      "jar": "https://gitee.com/M60m/60/raw/master/lib/%E5%A5%87%E8%BF%B9%E4%BA%91yunok.png",
      "searchable": 1,
      "filterable": 1,
      "changeable": 1,
      "ext": {
        "sp": "Wogg",
        "cookie": "http://14.103.129.80:999/暗黑4k奇迹/lib/yunAkick.jpg",
        "uc_cookie": "http://gh.llkk.cc/https://raw.githubusercontent.com/IY-CPU/IY/main/jars/uc.png",
        "baidu_cookie": "https://gitee.com/M60m/60/raw/master/lib/%E5%A5%87%E8%BF%B9%E4%BA%91_bd.txt"
      },
      "timeout": 30
    },
    
        

        {
            "key": "hub",
            "name": "虎斑(免扫看百度)",
            "type": 4,
            "api": "http://110.42.34.135:8080/video/hub?platform=ysc&token=1047",
            "searchable": 1,
            "quickSearch": 1,
            "changeable": 0
        },
        
        {
            "key": "mogg",
            "name": "木偶(免扫看百度)",
            "type": 4,
            "api": "http://110.42.34.135:8080/video/mogg?platform=ysc&token=1047",
            "searchable": 1,
            "quickSearch": 1,
            "changeable": 0
        },
        {
            "key": "libo",
            "name": "立播(免扫看百度)",
            "type": 4,
            "api": "http://110.42.34.135:8080/video/libo?platform=ysc&token=1047",
            "searchable": 1,
            "quickSearch": 1,
            "changeable": 0
        },
        {
            "key": "panso139",
            "name": "盘搜|移动(免扫看百度)",
            "type": 4,
            "api": "http://110.42.34.135:8080/video/panso139?platform=ysc&token=1047",
            "searchable": 1,
            "quickSearch": 1,
            "changeable": 0
        },
        {
            "key": "pansoquark",
            "name": "盘搜|夸克(免扫看百度)",
            "type": 4,
            "api": "http://110.42.34.135:8080/video/pansoquark?platform=ysc&token=1047",
            "searchable": 1,
            "quickSearch": 1,
            "changeable": 0
        },
        {
            "key": "pansotianyi",
            "name": "盘搜|天翼(免扫看百度)",
            "type": 4,
            "api": "http://110.42.34.135:8080/video/pansotianyi?platform=ysc&token=1047",
            "searchable": 1,
            "quickSearch": 1,
            "changeable": 0
        },
        {
            "key": "pansouc",
            "name": "盘搜|UC(免扫看百度)",
            "type": 4,
            "api": "http://110.42.34.135:8080/video/pansouc?platform=ysc&token=1047",
            "searchable": 1,
            "quickSearch": 1,
            "changeable": 0
        },
        
        
        
        {
            "key": "hub6",
            "name": "虎斑免扫看百度",
            "type": 4,
            "api": "http://110.42.34.135:8080/video/hub",
            "searchable": 1,
            "quickSearch": 1,
            "changeable": 0,
            "header": {
                "token": "1047"
            }
        },
        
        {
            "key": "mogg6",
            "name": "木偶免扫看百度",
            "type": 4,
            "api": "http://110.42.34.135:8080/video/mogg",
            "searchable": 1,
            "quickSearch": 1,
            "changeable": 0,
            "header": {
                "token": "1047"
            }
        },
        {
            "key": "libo6",
            "name": "立播免扫看百度",
            "type": 4,
            "api": "http://110.42.34.135:8080/video/libo",
            "searchable": 1,
            "quickSearch": 1,
            "changeable": 0,
            "header": {
                "token": "1047"
            }
        },
        {
            "key": "panso139_6",
            "name": "盘搜|移免扫看百度",
            "type": 4,
            "api": "http://110.42.34.135:8080/video/panso139",
            "searchable": 1,
            "quickSearch": 1,
            "changeable": 0,
            "header": {
                "token": "1047"
            }
        },
        {
            "key": "pansoquark6",
            "name": "盘搜|夸免扫看百度",
            "type": 4,
            "api": "http://110.42.34.135:8080/video/pansoquark",
            "searchable": 1,
            "quickSearch": 1,
            "changeable": 0,
            "header": {
                "token": "1047"
            }
        },
        {
            "key": "pansotianyi6",
            "name": "盘搜|天免扫看百度",
            "type": 4,
            "api": "http://110.42.34.135:8080/video/pansotianyi",
            "searchable": 1,
            "quickSearch": 1,
            "changeable": 0,
            "header": {
                "token": "1047"
            }
        },
        {
            "key": "pansouc6",
            "name": "盘搜|免扫看百度",
            "type": 4,
            "api": "http://110.42.34.135:8080/video/pansouc",
            "searchable": 1,
            "quickSearch": 1,
            "changeable": 0,
            "header": {
                "token": "1047"
            }
        },

     
        {
            "key": "tengxun",
            "name": "尘墨专线",
            "type": 4,
            "api": "http://115.191.55.109:8080/video/tengxun?token=47f318660fa5ca46",
            "searchable": 1,
            "quickSearch": 1,
            "filterable": 1,
            "changeable": 1
        },
        {
            "key": "qqqys",
            "name": "3Q影视",
            "type": 4,
            "api": "http://115.191.55.109:8080/video/qqqys?token=47f318660fa5ca46",
            "searchable": 1,
            "quickSearch": 1,
            "changeable": 1,
            "filterable": 1
        },
        {
            "key": "drpyS_鬼片之家",
            "name": "鬼片之家(DS)",
            "type": 4,
            "api": "http://115.191.55.109:9097/api/鬼片之家?pwd=47f318660fa5ca46",
            "searchable": 2,
            "filterable": 0,
            "quickSearch": 0,
            "title": "鬼片之家",
            "类型": "影视",
            "lang": "ds",
            "ext": ""
        },
        
        {
            "key": "腾腾",
            "name": "🐧腾腾┃JX",
            "type": 3,
            "api": "http://rihou.cc:88/js/drpy2.min.js",
            "ext": "http://rihou.cc:88/js/腾腾.js"
        },
        {
            "key": "奇奇",
            "name": "🐴奇奇┃JX",
            "type": 3,
            "api": "http://rihou.cc:88/js/drpy2.min.js",
            "ext": "http://rihou.cc:88/js/奇奇.js"
        },
        {
            "key": "果果",
            "name": "🍋果果┃JX",
            "type": 3,
            "api": "http://rihou.cc:88/js/drpy2.min.js",
            "ext": "http://rihou.cc:88/js/果果.js"
        },
        {
            "key": "酷酷",
            "name": "😎酷酷┃JX",
            "type": 3,
            "api": "http://rihou.cc:88/js/drpy2.min.js",
            "ext": "http://rihou.cc:88/js/酷酷.js"
        },
        {
            "key": "茫",
            "name": "👑｜芒果X",
            "searchable": 1,
            "type": 3,
            "api": "http://47.122.84.123:8808/tvbox/gitee/zokzishi-master/xs/js/drpy2.min.js",
            "ext": "https://gitee.com/zhouyadong7033/box/raw/master/JS/%E7%99%BE%E5%BF%99.js"
        },
        {
            "key": "py_官方采集789",
            "name": "官方采集M",
            "type": 4,
            "api": "https://py.doube.eu.org/v2/spider?site=006849a2c19a6be413be5017be468c63"
        },
        
        {
      "key": "还行",
      "name": "飞虎影视🐯",
      "jar": "https://xiuxiu-pro.meitudata.com/posters/5199d8f8bcbe3c6d6938ded33cb90596.png",
      "type": 3,
      "api": "csp_AppYs",
      "searchable": 1,
      "quickSearch": 1,
      "ext": "http://m51.gotto.top/api.php/v1.vod"
    },
    {
      "key": "巧技2",
      "name": "稳哥影视🔥",
      "type": 3,
      "searchable": 1,
      "quickSearch": 1,
      "api": "csp_qiao2",
      "playerType": 2,
      "jar": "https://ncstatic-file.clewm.net/rsrc/2025/1212/12/8bee5a479d0ee7996e58a4043085b8b8.png;md5;9cf0a6c1f62ad83e9dccc2b7dd683a10",
      "ext": "7lj763gg402i7942412h849jg1558j9jl8g19213il86316k465719lik158491h179312h4934183ig2l05g9"
    },{
      "key": "csp_飞雪🌨️",
      "name": "飞雪┃🌨️",
      "type": 1,
      "api": "https://bfzyapi.com/api.php/provide/vod/?ac=list",
      "searchable": 1,
      "quickSearch": 1,
      "filterable": 1,
      "jar": "https://example.com/path/to/your_jar_file3.jar;md5;YOUR_MD5_HASH_HERE"
    }, {
      "key": "hipy_js_绿色仓库[密]",
      "name": "绿色仓库[密](drpy_t3)",
      "type": 3,
      "api": "./js/drpy2.min.js",
      "searchable": 1,
      "quickSearch": 1,
      "filterable": 1,
      "order_num": 0,
      "ext": "./js/绿色仓库[密].js"
    }, {
      "key": "hipy_js_番号资源[密]",
      "name": "番号资源[密](drpy_t3)",
      "type": 3,
      "api": "./js/drpy2.min.js",
      "searchable": 1,
      "quickSearch": 1,
      "filterable": 1,
      "order_num": 0,
      "ext": "./js/番号资源[密].js"
    },{
      "key": "hipy_js_采集之王[合]2",
      "name": "采王成人[密](drpy_t3)",
      "type": 3,
      "api": "./js/drpy2.min.js",
      "searchable": 1,
      "quickSearch": 1,
      "filterable": 1,
      "order_num": 0,
      "ext": "./js/采集[密]静态.json"
    },
        {
            "key": "热播影视",
            "name": "热播｜APP",
            "type": 3,
            "api": "csp_AppRJ",
            "searchable": 1,
            "quickSearch": 1,
            "filterable": 0,
            "ext": {
                "url": "http://v.rbotv.cn"
            }
        },
        {
            "key": "蔬菜",
            "name": "🫛┃蔬菜┃APP",
            "type": 3,
            "api": "csp_AppGet",
            "ext": "https://gitee.com/wmmoliill/wimg/raw/master/img/bk/9.txt|88689667dce61725"
        },
            {
      "key": "魔方",
      "name": "方方✅部分4K",
      "type": 3,
      "searchable": 1,
      "changeable": 1,
      "api": "csp_AppGet",
      "jar": "https://gitee.com/M60m/60/raw/master/lib/xiaosa.png",
      "ext": {
        "site": "https://gitee.com/M60m/60/raw/master/lib/xiaosa_mf4kev328.txt",
        "dataKey": "1234567887654321",
        "dataIv": "1234567887654321"
      }
    },
        {
            "key": "移动",
            "name": "九灵｜免扫4k｜移动",
            "type": 3,
            "jar": "https://17264.kstore.space/yunY.jar",
            "api": "csp_YDjisu",
            "searchable": 1,
            "changeable": 1
        },
              {
            "key": "EmbyJS",
            "name": "Emby丨JS",
            "type": 3,
            "api": "https://17264.kstore.space/Emby.js",
            "searchable": 1,
            "quickSearch": 1,
            "filterable": 0
        },
        {
      "key": "原创",
      "name": "☀原创┃不卡┃纯净",
      "type": 3,
      "api": "csp_YCyzGuard",
      "jar": "https://gitee.com/lukei7/k18/raw/Luck/moyu.php",
      "timeout": 15,
      "playerType": 1,
      "searchable": 1,
      "quickSearch": 1,
      "changeable": 1
    },
{
"key":"Dygang",
"name":"🥯电影港",
"jar":"./lib/lh250220.jar;md5;6878c4945c8ddfa80b052f14311377f2",
"type":3,
"searchable":1,
"changeable":1,
"api":"csp_Dygang"
},
{
"key":"Lib",
"name":"🌶Lib直连",
"jar":"./lib/lh250220.jar;md5;6878c4945c8ddfa80b052f14311377f2",
"type":3,
"api":"csp_Lib",
"searchable":1,
"changeable":1,
"filterable":0,
"ext":"faHR0cHM6Ly9saWJ2aW8uYXJ0L3N0YXRpYy9qcy9wbGF5ZXJjb25maWcuanM="
},
{
      "key": "兄弟影视",
      "name": "兄弟影视",
      "type": 3,
      "api": "./lib/兄弟影视.min.py"
    },
 {
      "key": "大卫php聚合",
      "name": "👖大卫丨PHP丨聚合",
      "type": 4,
      "api": "http://zhangqun1818.serv00.net/php.php",
      "searchable": 1,
      "quickSearch": 1,
      "filterable": 1
    },{
      "key": "大卫EmbyJS",
      "name": "👖大卫丨Emby丨JS",
      "type": 3,
      "api": "./lib/40d30fe3d9671e0d700f1c272bb20aaa.js",
      "searchable": 1,
      "quickSearch": 1,
      "filterable": 0
    },{
      "key": "大卫JS聚合",
      "name": "👖大卫丨JS丨聚合",
      "type": 4,
      "api": "http://zhangqun1818.serv00.net/js.php",
      "searchable": 1,
      "style": {
        "type": "rect",
        "ratio": 1.33
      },
      "changeable": 1
    },
    {
      "key": "大卫PY聚合",
      "name": "👖大卫丨PY丨聚合",
      "type": 4,
      "api": "http://zhangqun1818.serv00.net/py.php",
      "searchable": 1,
      "quickSearch": 1,
      "filterable": 1,
      "style": {
        "type": "rect",
        "ratio": 1.33
      }
    }, {
      "key": "大卫粉象影视",
      "name": "👖大卫丨粉象丨影视",
      "type": 4,
      "api": "https://catbox.n13.club/t9/fenxiang.php"
    },
    {
      "key": "澜露Q",
      "name": "🐧澜露",
      "type": 1,
      "api": "http://cj.lziapi.com/api.php/provide/vod/",
      "searchable": 1,
      "quickSearch": 1,
      "filterable": 0,
      "playurl": "json:https://lziplayer.com/?url=",
      "categories": [
        "国产剧",
        "国产动漫",
        "泰国剧",
        "台湾剧",
        "香港剧",
        "欧美剧",
        "韩国剧",
        "日本剧",
        "动漫",
        "体育",
        "剧情片",
        "动作片",
        "爱情片",
        "喜剧片"
      ]
    }, {
      "key": "花语音乐",
      "name": "👖大卫丨花语丨音乐",
      "type": 3,
      "jar": "https://cik07-cos.7moor-fs2.com/im/4d2c3f00-7d4c-11e5-af15-41bf63ae4ea0/71f9c49cf470b54b/1217.jpg;md5;11e752cb8cd0c47a0804c70ed965be67",
      "api": "csp_Music",
      "quickSearch": 0,
      "searchable": 0,
      "ext": ""
    },
    {
			"key": "网易云音乐",
			"name": "🎵网易云｜音乐",
			"type": 3,
			"api": "https://xn--fjq53n.xyz/Ting/yinyue/网易云音乐.py"
		},
        {
      "key": "数字",
      "name": "数字｜APP",
      "type": 3,
      "quickSearch": 1,
      "api": "csp_AppGet",
      "jar": "./lib/jar.jar",
      "ext": {
        "url": "http://app1-0-0.87333.cc",
        "dataKey": "VwsHxkCViDXEExWa",
        "dataIv": "VwsHxkCViDXEExWa"
      }
    },
        {
      "key": "界影视",
      "name": "界影视",
      "type": 3,
      "api": "./js/界影视.js",
      "style": {
        "type": "rect",
        "ratio": 1.33
      },
      "changeable": 1
    },
        {
            "key": "茶杯狐",
            "name": "🦊茶狐┃",
            "type": 3,
            "api": "http://rihou.cc:88/js/茶杯狐.js"
        },
        {
            "key": "耐看",
            "name": "👀耐看┃",
            "type": 3,
            "api": "http://rihou.cc:88/js/耐看.js"
        },
        {
            "key": "mifun",
            "name": "🐸mifun｜APP",
            "jar": "https://cik07-cos.7moor-fs2.com/im/4d2c3f00-7d4c-11e5-af15-41bf63ae4ea0/b863c1a3ef40a78b/vox.jar",
            "type": 3,
            "searchable": 1,
            "changeable": 1,
            "api": "csp_AppGet",
            "ext": {
                "host": "https://miget-1313189639.cos.ap-guangzhou.myqcloud.com/mifun.txt",
                "datakey": "GETMIFUNGEIMIFUN"
            }
        },
  {
      "key": "乐",
      "name": "大可爱🦊",
      "type": 1,
      "api": "https://lbapi9.com/api.php/provide/vod/",
      "playUrl": "",
      "categories": [],
      "quickSearch": 0
    },
     {
      "key": "量子",
      "name": "小可爱🦊",
      "type": 0,
      "api": "https://cj.lziapi.com/api.php/provide/vod/at/xml/",
      "searchable": 1,
      "changeable": 1,
      "categories": [
        "伦理片"
      ]
    },
    {
            "key": "星辰影院",
            "name": "🪐星辰",
            "type": 3,
            "api": "http://rihou.cc:88/js/星辰影院.js"
        },
        {
            "key": "jianan",
            "name": "建安官方线路",
            "type": 4,
            "api": "http://115.191.55.109:8080/video/tengxun?token=47f318660fa5ca46",
            "searchable": 1,
            "quickSearch": 1,
            "filterable": 1,
            "changeable": 1
        },
       {
            "key": "T4-jinpai111",
            "name": "影视-金牌(T4)",
            "type": 4,
            "api": "https://catbox.n13.club/t9/jinpai.php"
        },
        {
            "key": "T4-lianyu",
            "name": "影视-恋鱼(T4)",
            "type": 4,
            "api": "https://catbox.n13.club/t9/lianyu.php"
        },
        {
            "key": "T4-jianpian2",
            "name": "影视-荐片2(T4)",
            "type": 4,
            "api": "https://catbox.n13.club/t9/jianpian2.php"
        },
        
        {
            "key": "T4-huaxiaozhu111",
            "name": "影视-花小猪(T4)",
            "type": 4,
            "api": "https://catbox.n13.club/t9/huaxiaozhu.php"
        },
        {
            "key": "影视",
            "name": "影视丨APP",
            "type": 3,
            "quickSearch": 1,
            "api": "csp_AppQi",
            "ext": {
                "site": "https://aysappto.oss-cn-chengdu.aliyuncs.com/qj2.txt",
                "dataKey": "sada21321sdq231d",
                "dataIv": "sada21321sdq231d"
            }
        },
        {
            "key": "小猪",
            "name": "小猪丨APP",
            "type": 3,
            "quickSearch": 1,
            "api": "csp_AppQi",
            "ext": {
                "site": "https://tiantangyoulu.oss-cn-beijing.aliyuncs.com/tengxunyun.txt",
                "dataKey": "seb5tq9mykp2w9ry",
                "dataIv": "seb5tq9mykp2w9ry",
              "search": "qearchList",
                "init": "initV122",
                "ua": "okhttp/3.10.0"
            }
        },
       
        {
            "key": "T4-哇哇",
            "name": "影视-哇哇(T4)",
            "type": 4,
            "api": "https://catbox.n13.club/t9/哇哇影视.php"
        },
        {
            "key": "T4-guazi",
            "name": "影视-瓜子(T4)",
            "type": 4,
            "api": "https://catbox.n13.club/ai/%E7%93%9C%E5%AD%90%E5%BD%B1%E8%A7%86.php"
        },
        {
            "key": "冷心",
            "name": "冷心｜APP",
            "type": 3,
            "api": "csp_AppGet",
            "ext": {
                "url": "https://dy.58ys.vip",
                "dataKey": "JEWibY1AgWF0V1xx",
                "dataIv": "JEWibY1AgWF0V1xx"
            }
        },
        {
            "key": "黑猫",
            "name": "🐼┃黑猫┃APP",
            "type": 3,
            "jar": "https://img2.gelonghui.com/library/eadaa-7cea026a-878c-484b-8904-3e1d87a69041.png;md5;eadaaee8e25f5d590dc4f40488207d0d",
            "api": "csp_AppGet",
            "ext": "http://app1-0-0.87333.cc|VwsHxkCViDXEExWa"
        },
        
        {
            "key": "csp_Jpys",
            "name": "🥇️┃金牌┃影视",
            "type": 3,
            "jar": "https://img2.gelonghui.com/library/eadaa-7cea026a-878c-484b-8904-3e1d87a69041.png;md5;eadaaee8e25f5d590dc4f40488207d0d",
            "api": "csp_Jpys"
        },
        
        {
            "key": "剧王短剧",
            "name": "剧王｜短剧",
            "type": 3,
            "api": "https://git.yylx.win/raw.githubusercontent.com/PizazzGY/NewTVBox/main/movie/py/JWDJ.py",
            "searchable": 1,
            "changeable": 1,
            "quickSearch": 1,
            "filterable": 1
        },
        
        {
            "key": "cj_旺旺采集",
            "name": "🧞旺旺|短剧",
            "type": 1,
            "api": "https://api.wwzy.tv/api.php/provide/vod/"
        },
        {
            "key": "cj_暴风资源",
            "name": "🧞暴风┃短剧",
            "type": 1,
            "api": "https://bfzyapi.com/api.php/provide/vod",
            "searchable": 0,
            "quickSearch": 1,
            "filterable": 1,
            "playerType": 2,
            "categories": [
                "反转爽文",
                "穿越年代",
                "重生民国",
                "现代言情",
                "女恋总裁",
                "都市脑洞",
                "闪婚离婚",
                "古装仙侠"
            ]
        },
        {
            "key": "魔方",
            "name": "魔方｜APP",
            "type": 3,
            "searchable": 1,
            "changeable": 1,
            "api": "csp_AppGet",
            "ext": {
                "url": "http://app.ybn-ooo.top",
                "dataKey": "vcfgytu7654rtyui",
                "dataIv": "vcfgytu7654rtyui"
            }
        },
        
        {
            "key": "小猫",
            "name": "小猫｜APP",
            "type": 3,
            "searchable": 1,
            "changeable": 1,
            "api": "csp_AppGet",
            "ext": {
                "site": "http://xywlkj.oss-cn-beijing.aliyuncs.com/wp-content/uploads/2024/12/1.txt",
                "dataKey": "xmyxmyxywlkjxywl",
                "dataIv": "xmyxmyxywlkjxywl"
            }
        },
        
        
        
        
        

        
        
       
        
        {
            "key": "稀饭",
            "name": "稀饭丨APP",
            "type": 3,
            "quickSearch": 1,
            "api": "csp_AppGet",
            "ext": {
                "url": "https://app.xifanys.com",
                "dataKey": "HM6Ly9yeS4ya3dvL",
                "dataIv": "HM6Ly9yeS4ya3dvL"
            }
        },
        {
            "key": "五八",
            "name": "五八丨APP",
            "type": 3,
            "quickSearch": 1,
            "api": "csp_AppGet",
            "ext": {
                "url": "https://dy.58ys.vip",
                "dataKey": "JEWibY1AgWF0V1xx",
                "dataIv": "JEWibY1AgWF0V1xx"
            }
        },
        
        {
            "key": "驿站",
            "name": "驿站丨APP",
            "type": 3,
            "quickSearch": 1,
            "api": "csp_AppGet",
            "ext": {
                "site": "https://dyyztvappapigoodgx.68.gy:12689/ciwk28vu38io8/apiurl.txt",
                "dataKey": "dyyztvapiappyyds",
                "dataIv": "dyyztvapiappyyds"
            }
        },
        
        {
            "key": "灵虎",
            "name": "灵虎｜APP",
            "type": 3,
            "quickSearch": 1,
            "api": "csp_AppGet",
            "ext": {
                "site": "https://bind.315999.xyz/89.txt",
                "dataKey": "#getapp@TMD@2025",
                "dataIv": "#getapp@TMD@2025",
                "version": "120"
            }
        },
        
        {
            "key": "丫丫",
            "name": "丫丫｜APP",
            "type": 3,
            "quickSearch": 1,
            "api": "csp_AppGet",
            "ext": {
                "url": "http://tv.yy-fun.cc",
                "dataKey": "qkxnwkfjwpcnwycl",
                "dataIv": "qkxnwkfjwpcnwycl"
            }
        },
        {
            "key": "哔哩视频",
            "name": "哔哩｜视频",
            "type": 3,
            "api": "csp_BiliYS",
            "searchable": 1,
            "quickSearch": 0,
            "filterable": 0,
            "changeable": 0,
            "style": {
                "type": "rect",
                "ratio": 1.433
            },
            "ext": {
                "json": "./json/哔哩视频.json",
                "cookie": "http://127.0.0.1:9978/file/TVBox/bili_cookie.txt"
            }
        },
        {
            "key": "腾讯视频",
            "name": "腾讯｜视频",
            "type": 3,
            "api": "./js/drpy2.min.js",
            "ext": "./js/腾讯视频.js"
        },
        {
            "key": "优酷视频",
            "name": "优酷｜视频",
            "type": 3,
            "api": "./js/drpy2.min.js",
            "ext": "./js/优酷视频.js"
        },
        {
            "key": "芒果视频",
            "name": "芒果｜视频",
            "type": 3,
            "api": "./js/drpy2.min.js",
            "ext": "./js/芒果视频.js"
        },
        {
            "key": "爱奇艺",
            "name": "爱奇异｜视频",
            "type": 3,
            "api": "./js/drpy2.min.js",
            "ext": "./js/爱奇艺.js"
        },
       

        {
            "key": "三六零",
            "name": "三六零｜视频",
            "type": 3,
            "api": "csp_SP360"
        },
  {
            "key": "麒麟",
            "name": "麒麟｜APP",
            "type": 3,
            "changeable": 0,
            "api": "csp_AppFox",
            "ext": {
                "host": "https://qh.70qh.top",
                "ver": 2
            }
        },
 
 {
            "key": "爱盈",
            "name": "爱盈｜APP",
            "type": 3,
            "api": "csp_AppQi",
            "changeable": "1",
            "quickSearch": 1,
            "filterable": 1,
            "ext": {
                "site": "https://rxysyyds.oss-cn-chengdu.aliyuncs.com/qiji.txt",
                "dataKey": "sjvlwnhk6h9znl61",
                "dataIv": "sjvlwnhk6h9znl61",
                "version": "305",
                "ua": "okhttp/3.10.0"
            }
        },
 
 {
            "key": "看呗",
            "name": "看呗｜APP",
            "type": 3,
            "searchable": 1,
            "api": "csp_AppGet",
            "ext": {
                "url": "http://www.winter1.fun",
                "dataKey": "abcdefghigklmn11",
                "dataIv": "abcdefghigklmn11"
            }
        },
        {
            "key": "小猫影视",
            "name": "小猫｜APP",
            "type": 3,
            "searchable": 1,
            "api": "csp_AppGet",
            "ext": {
                "site": "http://xywlkj.oss-cn-beijing.aliyuncs.com/wp-content/uploads/2024/12/1.txt",
                "dataKey": "xmyxmyxywlkjxywl",
                "dataIv": "xmyxmyxywlkjxywl"
            }
        },
        {
            "key": "火锅",
            "name": "火锅｜APP",
            "type": 3,
            "api": "csp_AppGet",
            "ext": {
                "url": "https://ios.hgyx.vip",
                "dataKey": "062dec75d039980e",
                "dataIv": "062dec75d039980e",
                "ua": "Dart/3.5 (dart:io)"
            }
        },

        {
            "key": "气球",
            "name": "气球｜APP",
            "type": 3,
            "api": "csp_AppGet",
            "ext": {
                "url": "https://vv.229d.cn",
                "dataKey": "8888888888888888",
                "dataIv": "8888888888888888"
            }
        },
        
        {
            "key": "白鸽",
            "name": "白鸽｜APP",
            "type": 3,
            "searchable": 1,
            "changeable": 1,
            "api": "csp_AppGet",
            "ext": {
                "url": "https://cy.baige.asia",
                "dataKey": "599D0FE5178642FD",
                "dataIv": "599D0FE5178642FD"
            }
        },
        
        {
            "key": "魔方",
            "name": "魔方｜APP",
            "type": 3,
            "searchable": 1,
            "changeable": 1,
            "api": "csp_AppGet",
            "ext": {
                "site": "https://snysw.xyz/mf4kzs327.txt",
                "dataKey": "1234567887654321",
                "dataIv": "1234567887654321"
            }
        },
        
        {
            "key": "茉莉",
            "name": "茉莉｜APP",
            "type": 3,
            "searchable": 1,
            "api": "csp_AppGet",
            "ext": {
                "site": "https://gitee.com/wmmoliill/wimg/raw/master/img/bk/9.txt",
                "dataKey": "88689667dce61725",
                "dataIv": "88689667dce61725"
            }
        },
        {
            "key": "驿站",
            "name": "驿站丨APP",
            "type": 3,
            "quickSearch": 1,
            "api": "csp_AppGet",
            "ext": {
                "site": "https://dyyztvappapigoodgx.68.gy:12689/ciwk28vu38io8/apiurl.txt",
                "dataKey": "dyyztvapiappyyds",
                "dataIv": "dyyztvapiappyyds"
            }
        },
        {
            "key": "灵虎",
            "name": "灵虎｜APP",
            "type": 3,
            "quickSearch": 1,
            "api": "csp_AppGet",
            "ext": {
                "site": "https://bind.315999.xyz/89.txt",
                "dataKey": "#getapp@TMD@2025",
                "dataIv": "#getapp@TMD@2025",
                "version": "120"
            }
        },
        {
            "key": "旗星",
            "name": "旗星｜APP",
            "type": 3,
            "quickSearch": 1,
            "api": "csp_AppGet",
            "ext": {
                "url": "http://ys.qist.top",
                "dataKey": "2SWSPFxugBLPPOKo",
                "dataIv": "2SWSPFxugBLPPOKo",
                "version": "120"
            }
        },
        {
            "key": "玩偶",
            "name": "玩偶｜4K",
            "type": 3,
            "api": "csp_Wogg",
            "searchable": 1,
            "quickSearch": 1,
            "filterable": 1,
            "changeable": 1,
            "ext": {
                "cookie": "./lib/qk.txt",
        "uc_cookie": "./lib/uc.txt",
        "baidu_cookie": "./lib/bd.txt",
                "site": [
                    "https://www.wogg.lol",
                    "https://wogg.xxooo.cf",
                    "https://www.wogg.one",
                    "https://wogg.333232.xyz",
                    "https://woggpan.888484.xyz"
                ]
            }
        },
        {
            "key": "快映",
            "name": "快映｜4K",
            "type": 3,
            "api": "csp_PanWebShare",
            "searchable": 1,
            "quickSearch": 1,
            "filterable": 1,
            "changeable": 1,
            "ext": {
               "cookie": "./lib/qk.txt",
        "uc_cookie": "./lib/uc.txt",
        "baidu_cookie": "./lib/bd.txt",
                 "site": [
                    "http://xsayang.fun:12512"
                ]
            }
        },
        {
            "key": "木偶",
            "name": "木偶｜4K",
            "type": 3,
            "api": "csp_PanWebShare",
            "searchable": 1,
            "quickSearch": 1,
            "filterable": 1,
            "changeable": 1,
            "ext": {
               "cookie": "./lib/qk.txt",
        "uc_cookie": "./lib/uc.txt",
        "baidu_cookie": "./lib/bd.txt",
                 "site": [
                    "https://123.666291.xyz",
                    "https://666.666291.xyz",
                    "https://www.muou.site",
                    "https://www.muou.asia"
                ]
            }
        },
        {
            "key": "蜡笔",
            "name": "蜡笔｜4K",
            "type": 3,
            "api": "csp_PanWebShare",
            "searchable": 1,
            "quickSearch": 1,
            "filterable": 1,
            "changeable": 1,
            "ext": {
               "cookie": "./lib/qk.txt",
        "uc_cookie": "./lib/uc.txt",
        "baidu_cookie": "./lib/bd.txt",
                 "site": [
                    "https://www.labi88.sbs",
                    "https://feimao666.fun",
                    "http://feimao888.fun"
                ]
            }
        },
        {
            "key": "至臻",
            "name": "至臻｜4K",
            "type": 3,
            "api": "csp_PanWebShare",
            "searchable": 1,
            "quickSearch": 1,
            "filterable": 1,
            "changeable": 1,
            "ext": {
                "cookie": "./lib/qk.txt",
        "uc_cookie": "./lib/uc.txt",
        "baidu_cookie": "./lib/bd.txt",
                "site": [
                    "https://mihdr.top",
                    "https://www.miqk.cc",
                    "https://xiaomiai.site",
                    "https://xiaomi666.fun",
                    "https://www.mihdr.top",
                    "https://www.zhizhenpan.fun"
                ]
            }
        },
        {
            "key": "多多",
            "name": "多多｜4K",
            "type": 3,
            "api": "csp_PanWebShare",
            "searchable": 1,
            "quickSearch": 1,
            "filterable": 1,
            "changeable": 1,
            "ext": {
               "cookie": "./lib/qk.txt",
        "uc_cookie": "./lib/uc.txt",
        "baidu_cookie": "./lib/bd.txt",
                 "site": [
                    "https://tv.yydsys.top",
                    "https://tv.yydsys.cc",
                    "https://tv.214521.xyz"
                ]
            }
        },
        {
            "key": "欧哥",
            "name": "欧哥｜4K",
            "type": 3,
            "api": "csp_PanWebShare",
            "searchable": 1,
            "quickSearch": 1,
            "filterable": 1,
            "changeable": 1,
            "ext": {
               "cookie": "./lib/qk.txt",
        "uc_cookie": "./lib/uc.txt",
        "baidu_cookie": "./lib/bd.txt",
                 "site": [
                    "https://woog.nxog.eu.org"
                ]
            }
        },
        {
            "key": "二小",
            "name": "二小｜4K",
            "type": 3,
            "api": "csp_PanWebShare",
            "searchable": 1,
            "quickSearch": 1,
            "filterable": 1,
            "changeable": 1,
            "ext": {
               "cookie": "./lib/qk.txt",
        "uc_cookie": "./lib/uc.txt",
        "baidu_cookie": "./lib/bd.txt",
                 "site": [
                    "https://xhww.net",
                    "https://erxiaofn.site",
                    "https://erxiaofn.click",
                    "https://www.xhww.net"
                ]
            }
        },
        {
            "key": "虎斑",
            "name": "虎斑｜4K",
            "type": 3,
            "api": "csp_PanWebShare",
            "searchable": 1,
            "quickSearch": 1,
            "filterable": 1,
            "changeable": 1,
            "ext": {
               "cookie": "./lib/qk.txt",
        "uc_cookie": "./lib/uc.txt",
        "baidu_cookie": "./lib/bd.txt",
                 "site": [
                    "http://103.45.162.207:20720"
                ]
            }
        },
        {
            "key": "清影",
            "name": "清影｜4K",
            "type": 3,
            "api": "csp_PanWebShareCloudQY",
            "searchable": 1,
            "quickSearch": 1,
            "filterable": 1,
            "changeable": 1,
            "ext": {
               "cookie": "./lib/qk.txt",
        "uc_cookie": "./lib/uc.txt",
        "baidu_cookie": "./lib/bd.txt",
                 "site": [
                    "http://www.revohd.com"
                ]
            }
        },
        {
            "key": "雷鲸",
            "name": "雷鲸｜4K",
            "type": 3,
            "api": "csp_PanWebShareCloudLJ",
            "searchable": 1,
            "quickSearch": 1,
            "filterable": 1,
            "changeable": 1,
            "style": {
                "type": "list",
                "ratio": 1.433
            },
            "ext": "./json/雷鲸.json"
        },
        {
            "key": "海绵",
            "name": "海绵｜4K",
            "type": 3,
            "api": "csp_PanWebShareCloudHM",
            "searchable": 1,
            "quickSearch": 1,
            "filterable": 1,
            "changeable": 1,
            "style": {
                "type": "list",
                "ratio": 1.433
            },
            "ext": "./json/海绵.json"
        },
        {
            "key": "夸父",
            "name": "夸父｜4K",
            "type": 3,
            "api": "csp_PanWebShareCloudKF",
            "searchable": 1,
            "quickSearch": 1,
            "filterable": 1,
            "changeable": 1,
            "style": {
                "type": "list",
                "ratio": 1.433
            },
            "ext": "./json/夸父.json"
        },
        {
            "key": "盘它",
            "name": "盘它｜4K",
            "type": 3,
            "api": "csp_PanWebShareCloudPT",
            "searchable": 1,
            "quickSearch": 1,
            "filterable": 1,
            "changeable": 1,
            "style": {
                "type": "list"
            }
        },
        {
            "key": "123",
            "name": "123｜4K",
            "type": 3,
            "api": "csp_PanWebShareCloud123",
            "searchable": 1,
            "quickSearch": 1,
            "filterable": 1,
            "changeable": 1,
            "style": {
                "type": "list",
                "ratio": 1.433
            },
            "ext": "./json/123.json"
        },
        {
            "key": "双星",
            "name": "双星｜4K",
            "type": 3,
            "api": "./js/drpy2.min.js",
            "ext": "./js/双星.js",
            "style": {
                "type": "list"
            }
        },
        {
            "key": "人人",
            "name": "人人｜4K",
            "type": 3,
            "api": "./js/drpy2.min.js",
            "ext": "./js/人人电影网.js",
            "style": {
                "type": "list"
            }
        },
       
        {
            "key": "星芽短剧",
            "name": "星芽｜短剧",
            "type": 3,
            "api": "./py/星芽短剧.py",
            "searchable": 1,
            "changeable": 1,
            "quickSearch": 1,
            "filterable": 1
        },  
        {
            "key": "甜圈短剧",
            "name": "甜圈｜短剧",
            "type": 3,
            "api": "./py/甜圈短剧.py",
            "searchable": 1,
            "changeable": 1,
            "quickSearch": 1,
            "filterable": 1
        },
 {
            "key": "星阁短剧",
            "name": "星阁｜短剧",
            "type": 3,
            "api": "csp_XinggeDJ",
            "searchable": 1,
            "changeable": 1,
            "quickSearch": 1,
            "filterable": 1
        },
 {
            "key": "锦鲤短剧",
            "name": "锦鲤｜短剧",
            "type": 3,
            "api": "csp_JinliDJ",
            "searchable": 1,
            "changeable": 1,
            "quickSearch": 1,
            "filterable": 1
        },
        {
            "key": "剧王短剧",
            "name": "剧王｜短剧",
            "type": 3,
            "api": "./py/剧王短剧.py",
            "searchable": 1,
            "changeable": 1,
            "quickSearch": 1,
            "filterable": 1
        },  
        
          {
            "key": "喜马拉雅",
            "name": "🎮喜马┃听书",
            "type": 3,
            "api": "./py/喜马拉雅.py",
            "style": {
                "type": "rect",
                "ratio": 1.333
            },
            "ext": ""
        },{
            "key": "热播影视大全",
            "name": "热播影视大全｜APP",
            "type": 3,
            "api": "./py/RJAPP.py",
            "ext": "http://v.rbotv.cn"
        },
              {
            "key": "爱听音乐网",
            "name": "爱听音乐网｜APP",
            "type": 3,
            "api": "./py/爱听音乐网.py",
            "searchable": 1,
            "changeable": 1,
            "quickSearch": 1,
            "filterable": 1
        },
        {
            "key": "番茄短剧",
            "name": "番茄｜短剧",
            "type": 3,
            "api": "csp_XBPQ",
            "ext": "./XBPQ/番茄短剧.json"
        },
        {
            "key": "天翼影视",
            "name": "天翼｜影视",
            "type": 1,
            "api": "http://7.qqqtv.top/api.php/provide/vod/",
            "searchable": 1,
            "quickSearch": 1,
            "filterable": 1,
            "categories": [
                "推荐",
                "电影",
                "电视剧",
                "综艺",
                "动漫"
            ]
        },
        {
            "key": "厂长影视",
            "name": "厂长｜影视",
            "type": 3,
            "playerType": "2",
            "api": "csp_Czsapp",
            "searchable": 1,
            "quickSearch": 1,
            "filterable": 1,
            "ext": "https://www.czzymovie.com"
        },
        {
            "key": "金牌影视",
            "name": "金牌｜影视",
            "type": 3,
            "api": "csp_Jpys",
            "ext": "https://y2s52n7.com,https://m.hkybqufgh.com,https://m.sizhengxt.com,https://m.9zhoukj.com,https://m.sizhengxt.com,https://m.jiabaide.cn"
        },
        {
            "key": "云播影视",
            "name": "云播｜影视",
            "type": 3,
            "api": "csp_Tvyb",
            "ext": "http://www.viptv01.com"
        },
        {
            "key": "奇优影视",
            "name": "奇优｜影视",
            "type": 3,
            "api": "csp_Qiyou"
        },
        {
            "key": "苹果影视",
            "name": "苹果｜影视",
            "type": 3,
            "api": "csp_LiteApple",
            "searchable": 1,
            "quickSearch": 1,
            "filterable": 1
        },
        {
            "key": "全网影视",
            "name": "全看｜影视",
            "type": 3,
            "api": "csp_Quanwk",
            "ext": "https://www.91qkw.com"
        },
        {
            "key": "饺子影视",
            "name": "饺子｜影视",
            "type": 3,
            "api": "csp_Jiaozi"
        },
        {
            "key": "瓜子影视",
            "name": "瓜子｜影视",
            "type": 3,
            "api": "csp_Gz360",
            "searchable": 1,
            "quickSearch": 1,
            "filterable": 1
        },
        {
            "key": "骚火影视",
            "name": "骚火｜影视",
            "type": 3,
            "api": "csp_SaoHuo",
            "playerType": 2,
            "ext": "https://shdy5.us"
        },
        {
            "key": "农民影视",
            "name": "农民｜影视",
            "type": 3,
            "api": "csp_Wwys",
            "ext": "https://www.wwgz.cn"
        },
        {
            "key": "爱看机器人",
            "name": "爱看｜影视",
            "type": 3,
            "api": "csp_Ikanbot",
            "searchable": 1,
            "quickSearch": 1,
            "filterable": 1
        },
        {
            "key": "莫小影视",
            "name": "莫小｜影视",
            "type": 3,
            "api": "csp_XBPQ",
            "ext": "./XBPQ/莫小影视.json"
        },
        {
            "key": "明星影视",
            "name": "明星｜影视",
            "type": 3,
            "api": "csp_XBPQ",
            "ext": "./XBPQ/明星影视.json"
        },
        {
            "key": "面包影视",
            "name": "面包｜影视",
            "type": 3,
            "api": "csp_XBPQ",
            "ext": "./XBPQ/面包影视.json"
        },
        {
            "key": "永乐影视",
            "name": "永乐｜影视",
            "type": 3,
            "api": "csp_XBPQ",
            "ext": "./XBPQ/永乐影视.json"
        },
        {
            "key": "三九影视",
            "name": "三九｜影视",
            "type": 3,
            "api": "csp_XBPQ",
            "ext": "./XBPQ/三九影视.json"
        },

        {
            "key": "采集之王",
            "name": "采集｜合集",
            "type": 3,
            "api": "./js/drpy2.min.js",
            "ext": "./js/采集之王.js?type=url&params=../json/采集.json$1$1"
        },

        {
            "key": "1905",
            "name": "1905｜影视",
            "type": 3,
            "api": "csp_Web1905",
            "searchable": 1,
            "quickSearch": 0,
            "filterable": 0
        },
        {
            "key": "哆啦新番社",
            "name": "哆啦｜新番社",
            "type": 3,
            "api": "csp_XBPQ",
            "style": {
                "type": "list"
            },
            "ext": "./XBPQ/哆啦新番社.json"
        },
        {
            "key": "56动漫",
            "name": "56｜动漫",
            "type": 3,
            "api": "./js/drpy2.min.js",
            "ext": "./js/56动漫.js"
        },
        {
            "key": "Anime1",
            "name": "A1｜动漫",
            "type": 3,
            "api": "./js/drpy2.min.js",
            "ext": "./js/Anime1.js"
        },
        {
            "key": "NT动漫",
            "name": "NT｜动漫",
            "type": 3,
            "api": "./js/drpy2.min.js",
            "ext": "./js/NT动漫.js"
        },
        {
            "key": "漫国动漫",
            "name": "漫国丨动漫",
            "type": 3,
            "api": "csp_AppSy",
            "ext": {
                "site": "https://dm-1255775577.cos.ap-guangzhou.myqcloud.com/dmg/api.txt",
                "siteKey": "rectangleadsadxa",
                "listKey": "aassddwwxxllsx1x",
                "parsesKey": "aassddwwxxllsx1x"
            }
        },
        {
            "key": "冬日动漫",
            "name": "冬日丨动漫",
            "type": 3,
            "quickSearch": 1,
            "api": "csp_AppGet",
            "ext": {
                "url": "http://www.drdm.fun",
                "dataKey": "qE2nD0rL1lH4uP9r",
                "dataIv": "qE2nD0rL1lH4uP9r"
            }
        },
        {
            "key": "方舟动漫",
            "name": "方舟丨动漫",
            "type": 3,
            "quickSearch": 1,
            "api": "csp_AppGet",
            "ext": {
                "url": "https://www.cyfz.vip",
                "dataKey": "e72cdfd629e8895d",
                "dataIv": "e72cdfd629e8895d"
            }
        },
        {
            "key": "元咲动漫",
            "name": "元咲丨动漫",
            "type": 3,
            "quickSearch": 1,
            "api": "csp_AppGet",
            "ext": {
                "url": "http://cic.aicg.fun",
                "dataKey": "2c4h36abd96se10u",
                "dataIv": "2c4h36abd96se10u"
            }
        },
        {
            "key": "番薯动漫",
            "name": "番薯丨动漫",
            "type": 3,
            "quickSearch": 1,
            "api": "csp_AppGet",
            "ext": {
                "url": "https://new.app.bytegooty.com",
                "dataKey": "N4yj7l7xKxHF4*gz",
                "dataIv": "N4yj7l7xKxHF4*gz"
            }
        },
        {
            "key": "曼波动漫",
            "name": "曼波｜动漫",
            "type": 3,
            "quickSearch": 1,
            "api": "csp_AppGet",
            "ext": {
                "url": "https://app.omofun1.top",
                "dataKey": "66dc309cbeeca454",
                "dataIv": "66dc309cbeeca454"
            }
        },
        {
            "key": "稀饭动漫",
            "name": "稀饭｜动漫",
            "type": 3,
            "quickSearch": 1,
            "api": "csp_AppGet",
            "ext": {
                "url": "",
                "site": "https://xfapp-1305390065.cos.ap-guangzhou.myqcloud.com/getapp.txt",
                "dataKey": "1yZ2Spn9krnzVKoC",
                "dataIv": "1yZ2Spn9krnzVKoC"
            }
        },
        {
            "key": "咕咕动漫",
            "name": "咕咕｜动漫",
            "type": 3,
            "quickSearch": 1,
            "api": "csp_AppGet",
            "ext": {
                "url": "https://www.gugu3.com",
                "dataKey": "nKfZ8KX6JTNWRzTD",
                "dataIv": "nKfZ8KX6JTNWRzTD"
            }
        },
        {
            "key": "派对动漫",
            "name": "派对｜动漫",
            "type": 3,
            "quickSearch": 1,
            "api": "csp_AppGet",
            "ext": {
                "url": "https://qjappcms.acg.party",
                "dataKey": "AmtMYFCJDPoTlK7z",
                "dataIv": "AmtMYFCJDPoTlK7z"
            }
        },
        {
            "key": "米饭",
            "name": "米饭｜动漫",
            "type": 3,
            "quickSearch": 1,
            "api": "csp_AppGet",
            "ext": {
                "url": "https://get.mymifun.com",
                "dataKey": "GETMIFUNGEIMIFUN",
                "dataIv": "GETMIFUNGEIMIFUN"
            }
        },
        {
            "key": "樱花动漫",
            "name": "樱花｜动漫",
            "type": 3,
            "api": "csp_XBPQ",
            "ext": "./XBPQ/樱花动漫.json"
        },
        {
            "key": "巴士动漫",
            "name": "巴士｜动漫",
            "type": 3,
            "api": "csp_XYQHiker",
            "ext": "./XYQHiker/巴士动漫.json"
        },
        {
            "key": "好看动漫",
            "name": "好看｜动漫",
            "type": 3,
            "api": "./js/drpy2.min.js",
            "ext": "./js/好看动漫.js"
        },
        {
            "key": "花子动漫",
            "name": "花子｜动漫",
            "type": 3,
            "api": "./js/drpy2.min.js",
            "ext": "./js/花子动漫.js"
        },
        {
            "key": "动画片",
            "name": "动画片｜动漫",
            "type": 3,
            "api": "./js/drpy2.min.js",
            "ext": "./js/动画片大全.js"
        },
        {
            "key": "爱动漫",
            "name": "爱动漫｜动漫",
            "type": 3,
            "api": "./js/drpy2.min.js",
            "ext": "./js/爱动漫.js"
        },
        {
            "key": "路漫漫",
            "name": "路漫漫｜动漫",
            "type": 3,
            "api": "./js/drpy2.min.js",
            "ext": "./js/路漫漫.js"
        },
        {
            "key": "动漫岛",
            "name": "动漫岛｜动漫",
            "type": 3,
            "api": "./js/drpy2.min.js",
            "ext": "./js/动漫岛.js"
        },
        {
            "key": "去看吧",
            "name": "去看吧｜动漫",
            "type": 3,
            "api": "./js/drpy2.min.js",
            "ext": "./js/去看吧.js"
        },
        {
            "key": "异世界",
            "name": "异世界｜动漫",
            "type": 3,
            "api": "./js/drpy2.min.js",
            "ext": "./js/异世界.js"
        },
        {
            "key": "荐片",
            "name": "荐片｜磁力",
            "api": "csp_Jianpian",
            "type": 3,
            "ext": "https://ev5356.970xw.com"
        },
        {
            "key": "修罗",
            "name": "修罗｜磁力",
            "api": "csp_Xlys",
            "type": 3,
            "ext": "https://xl01.com.de"
        },
        {
            "key": "七味",
            "name": "七味｜磁力",
            "type": 3,
            "api": "csp_QnMp4",
            "searchable": 1,
            "quickSearch": 1,
            "filterable": 1,
            "ext": {
                "url": "https://www.pkmp4.xyz,https://www.qwnull.com,https://www.qwmkv.com,https://www.qwfilm.com,https://www.qnmp4.com,https://www.qnnull.com,https://www.qnhot.com"
            }
        },
        {
            "key": "80S",
            "name": "80S｜磁力",
            "type": 3,
            "api": "csp_BLSGod",
            "playerType": 1,
            "searchable": 1,
            "quickSearch": 1,
            "filterable": 1
        },
        {
            "key": "New6v",
            "name": "New6V｜磁力",
            "type": 3,
            "api": "csp_New6v",
            "searchable": 1,
            "quickSearch": 1,
            "filterable": 1,
            "ext": "https://www.xb6v.com"
        },
        {
            "key": "美剧迷",
            "name": "美剧迷｜磁力",
            "type": 3,
            "api": "csp_MeijuMi",
            "searchable": 1,
            "quickSearch": 1,
            "filterable": 1
        },
        {
            "key": "迅雷吧",
            "name": "迅雷吧｜磁力",
            "type": 3,
            "api": "csp_Xunlei8",
            "searchable": 1,
            "quickSearch": 1,
            "filterable": 1
        },
        {
            "key": "电影港",
            "name": "电影港｜磁力",
            "type": 3,
            "api": "csp_XYQHiker",
            "searchable": 1,
            "quickSearch": 1,
            "filterable": 1,
            "ext": "./XYQHiker/电影港.json"
        },
        {
            "key": "狐狸君",
            "name": "狐狸君｜磁力",
            "type": 3,
            "api": "csp_XBPQ",
            "changeable": 1,
            "searchable": 1,
            "quickSearch": 1,
            "filterable": 1,
            "ext": "./XBPQ/狐狸君.json"
        },
        {
            "key": "Mp4电影",
            "name": "Mp4电影｜磁力",
            "type": 3,
            "api": "csp_Mp4Mov",
            "searchable": 1,
            "quickSearch": 1,
            "filterable": 1
        },
        {
            "key": "美剧天堂",
            "name": "美剧天堂｜磁力",
            "type": 3,
            "api": "csp_MeijuTT",
            "searchable": 1,
            "quickSearch": 1,
            "filterable": 1
        },
        {
            "key": "电影天堂",
            "name": "电影天堂｜磁力",
            "type": 3,
            "api": "csp_DyGod",
            "searchable": 1,
            "quickSearch": 1,
            "filterable": 1
        },
        {
            "key": "阿里云盘",
            "name": "我的｜阿里",
            "type": 3,
            "api": "csp_PanAli",
            "searchable": 0,
            "filterable": 0,
            "changeable": 0,
            "style": {
                "type": "list",
                "ratio": 1.433
            },
            "ext": "./json/aliShare.json"
        },
        {
            "key": "夸克云盘",
            "name": "我的｜夸克",
            "type": 3,
            "api": "csp_PanQuark",
            "searchable": 0,
            "filterable": 0,
            "changeable": 0,
            "style": {
                "type": "list",
                "ratio": 1.433
            },
            "ext": "./json/quarkShare.json"
        },
        {
            "key": "UC云盘",
            "name": "我的｜UC",
            "type": 3,
            "api": "csp_PanUc",
            "searchable": 0,
            "filterable": 0,
            "changeable": 0,
            "style": {
                "type": "list",
                "ratio": 1.433
            },
            "ext": "./json/ucShare.json"
        },
        {
            "key": "百度云盘",
            "name": "我的｜百度",
            "type": 3,
            "api": "csp_PanBaiDu",
            "searchable": 0,
            "filterable": 0,
            "changeable": 0,
            "style": {
                "type": "list",
                "ratio": 1.433
            }
        },
        {
            "key": "阿里盘搜",
            "name": "阿里｜盘搜",
            "type": 3,
            "api": "csp_PanSou",
            "searchable": 1,
            "quickSearch": 1,
            "filterable": 1,
            "ext": {
                "cloudDrives": "aliyun"
            }
        },
        {
            "key": "夸克盘搜",
            "name": "夸克｜盘搜",
            "type": 3,
            "api": "csp_PanSou",
            "searchable": 1,
            "quickSearch": 1,
            "filterable": 1,
            "ext": {
                "cloudDrives": "quark"
            }
        },
        {
            "key": "UC盘搜",
            "name": "UC｜盘搜",
            "type": 3,
            "api": "csp_PanSou",
            "searchable": 1,
            "quickSearch": 1,
            "filterable": 1,
            "ext": {
                "cloudDrives": "uc"
            }
        },
        {
            "key": "天翼盘搜",
            "name": "天翼｜盘搜",
            "type": 3,
            "api": "csp_PanSou",
            "searchable": 1,
            "quickSearch": 1,
            "filterable": 1,
            "ext": {
                "cloudDrives": "tianyi"
            }
        },
        {
            "key": "123盘搜",
            "name": "123｜盘搜",
            "type": 3,
            "api": "csp_PanSou",
            "searchable": 1,
            "quickSearch": 1,
            "filterable": 1,
            "ext": {
                "cloudDrives": "123"
            }
        },
        {
            "key": "百度盘搜",
            "name": "百度｜盘搜",
            "type": 3,
            "api": "csp_PanSou",
            "searchable": 1,
            "quickSearch": 1,
            "filterable": 1,
            "ext": {
                "cloudDrives": "baidu"
            }
        },
        {
            "key": "移动盘搜",
            "name": "移动｜盘搜",
            "type": 3,
            "api": "csp_PanSou139",
            "searchable": 1,
            "quickSearch": 1,
            "filterable": 1,
            "ext": {
                "cloudDrives": "mobile"
            }
        },
        {
            "key": "糖果",
            "name": "糖果｜搜索",
            "type": 3,
            "api": "csp_TGSou",
            "searchable": 1,
            "quickSearch": 1,
            "filterable": 1
        },
        {
            "key": "百酷",
            "name": "百酷｜搜索",
            "type": 3,
            "api": "csp_Baiku"
        },
        {
            "key": "米搜",
            "name": "米搜｜搜索",
            "type": 3,
            "api": "csp_MiSou"
        },
        {
            "key": "酷乐搜索",
            "name": "酷乐｜搜索",
            "type": 3,
            "api": "csp_KuLe"
        },
        {
            "key": "爱看搜索",
            "name": "爱看｜搜索",
            "type": 3,
            "api": "csp_AiKan"
        },
        {
            "key": "鬼鬼搜索",
            "name": "鬼鬼｜搜索",
            "type": 3,
            "api": "csp_GuiGui"
        },
        {
            "key": "AList",
            "name": "AList｜合集",
            "type": 3,
            "api": "csp_Alist",
            "searchable": 1,
            "filterable": 1,
            "changeable": 0,
            "style": {
                "type": "list"
            },
            "ext": "./json/alist.json"
        },
        {
            "key": "88看球",
            "name": "88｜看球",
            "type": 3,
            "api": "csp_Kanqiu",
            "gridview": 3,
            "style": {
                "type": "list"
            }
        },
        {
            "key": "戏曲多多",
            "name": "戏曲｜多多",
            "type": 3,
            "api": "csp_AppLY",
            "searchable": 1,
            "quickSearch": 1,
            "filterable": 1
        },
        {
            "key": "网络直播",
            "name": "网络｜直播",
            "type": 3,
            "api": "./py/网络直播.py"
        }, {
            "key" : "央视节目",
            "name" : "央视| 节目",
            "type" : 3,
            "api" : "./py/CCTV.py"
        }, 
        {
            "key": "哔哩直播",
            "name": "哔哩｜直播",
            "type": 3,
            "api": "./py/哔哩直播.py"
        },
        {
            "key": "哔哩合集",
            "name": "哔哩｜合集",
            "type": 3,
            "api": "csp_Bili",
            "searchable": 1,
            "quickSearch": 0,
            "filterable": 0,
            "changeable": 0,
            "style": {
                "type": "rect",
                "ratio": 1.433
            },
            "ext": {
                "json": "./json/哔哩合集.json",
                "cookie": "http://127.0.0.1:9978/file/TVBox/bili_cookie.txt"
            }
        },
        {
            "key": "哔哩哔哩演唱会",
            "name": "哔哩｜音乐",
            "type": 3,
            "api": "csp_Bili",
            "searchable": 0,
            "quickSearch": 0,
            "filterable": 0,
            "ext": {
                "cookie": "http://127.0.0.1:9978/file/TVBox/bili_cookie.txt",
                "json": "./json/哔哩哔哩演唱会.json"
            },
            "style": {
                "type": "rect",
                "ratio": 1.597
            }
        },
        {
            "key": "哔哩哔哩听书",
            "name": "哔哩｜听书",
            "type": 3,
            "api": "csp_Bili",
            "searchable": 0,
            "quickSearch": 0,
            "filterable": 0,
            "ext": {
                "cookie": "http://127.0.0.1:9978/file/TVBox/bili_cookie.txt",
                "json": "./json/哔哩哔哩听书.json"
            },
            "style": {
                "type": "rect",
                "ratio": 1.597
            }
        },
        {
            "key": "哔哩哔哩相声",
            "name": "哔哩｜相声",
            "type": 3,
            "api": "csp_Bili",
            "searchable": 0,
            "quickSearch": 0,
            "filterable": 0,
            "ext": {
                "cookie": "http://127.0.0.1:9978/file/TVBox/bili_cookie.txt",
                "json": "./json/哔哩哔哩相声.json"
            },
            "style": {
                "type": "rect",
                "ratio": 1.597
            }
        },
        {
            "key": "哔哩哔哩小品",
            "name": "哔哩｜小品",
            "type": 3,
            "api": "csp_Bili",
            "searchable": 0,
            "quickSearch": 0,
            "filterable": 0,
            "ext": {
                "cookie": "http://127.0.0.1:9978/file/TVBox/bili_cookie.txt",
                "json": "./json/哔哩哔哩小品.json"
            },
            "style": {
                "type": "rect",
                "ratio": 1.597
            }
        },
        {
            "key": "哔哩哔哩戏曲",
            "name": "哔哩｜戏曲",
            "type": 3,
            "api": "csp_Bili",
            "searchable": 0,
            "quickSearch": 0,
            "filterable": 0,
            "ext": {
                "cookie": "http://127.0.0.1:9978/file/TVBox/bili_cookie.txt",
                "json": "./json/哔哩哔哩戏曲.json"
            },
            "style": {
                "type": "rect",
                "ratio": 1.597
            }
        },
        {
            "key": "少儿教育",
            "name": "少儿｜教育",
            "type": 3,
            "api": "csp_Bili",
            "searchable": 0,
            "quickSearch": 0,
            "filterable": 1,
            "ext": {
                "json": "./json/少儿教育.json",
                "cookie": "http://127.0.0.1:9978/file/TVBox/bili_cookie.txt"
            },
            "style": {
                "type": "rect",
                "ratio": 1.597
            }
        },
        {
            "key": "小学课堂",
            "name": "小学｜课堂",
            "type": 3,
            "api": "csp_Bili",
            "searchable": 0,
            "quickSearch": 0,
            "filterable": 1,
            "ext": {
                "json": "./json/小学课堂.json",
                "cookie": "http://127.0.0.1:9978/file/TVBox/bili_cookie.txt"
            },
            "style": {
                "type": "rect",
                "ratio": 1.597
            }
        },
        {
            "key": "初中课堂",
            "name": "初中｜课堂",
            "type": 3,
            "api": "csp_Bili",
            "searchable": 0,
            "quickSearch": 0,
            "filterable": 1,
            "ext": {
                "json": "./json/初中课堂.json",
                "cookie": "http://127.0.0.1:9978/file/TVBox/bili_cookie.txt"
            },
            "style": {
                "type": "rect",
                "ratio": 1.597
            }
        },
        {
            "key": "高中课堂",
            "name": "高中｜课堂",
            "type": 3,
            "api": "csp_Bili",
            "searchable": 0,
            "quickSearch": 0,
            "filterable": 1,
            "ext": {
                "json": "./json/高中课堂.json",
                "cookie": "http://127.0.0.1:9978/file/TVBox/bili_cookie.txt"
            },
            "style": {
                "type": "rect",
                "ratio": 1.597
            }
        },
        {
            "key": "急救教学",
            "name": "急救｜教学",
            "type": 3,
            "api": "csp_FirstAid",
            "searchable": 0,
            "quickSearch": 0,
            "changeable": 0,
            "style": {
                "type": "rect",
                "ratio": 3.8
            },
            "gridview": "0-0-4.1"
        },
        {
            "key": "养生堂",
            "name": "养生｜知识",
            "type": 3,
            "api": "csp_XBPQ",
            "ext": "./XBPQ/养生堂.json",
            "style": {
                "type": "rect",
                "ratio": 1.597
            }
        },
        {
            "key": "版本信息",
            "name": "版本｜信息",
            "type": 3,
            "api": "csp_Market",
            "searchable": 0,
            "changeable": 0,
            "indexs": 0,
            "ext": "https://pizazz.s3.bitiful.net/single.json"
        },
        {
            "key": "push_agent",
            "name": "手机｜推送",
            "type": 3,
            "api": "csp_Push",
            "searchable": 0,
            "filterable": 0,
            "changeable": 0
        }
    ],
    "parses": [
        {
            "name": "虾米",
            "type": 0,
            "url": "https://jx.xmflv.com/?url=",
            "ext": {
                "header": {
                    "user-agent": "Mozilla/5.0 (Windows NT 10.0; Win64; x64) AppleWebKit/537.36 (KHTML, like Gecko) Chrome/110.0.0.0 Safari/537.36 Edg/110.0.1587.57"
                }
            }
        },
        {
            "name": "咸鱼",
            "type": 0,
            "url": "https://jx.xymp4.cc/?url=",
            "ext": {
                "header": {
                    "user-agent": "Mozilla/5.0 (X11; Linux x86_64) AppleWebKit/537.36 (KHTML, like Gecko) Chrome/134.0.0.0 Safari/537.36 Edg/134.0.3124.68"
                }
            }
        },
        {
            "name": "淘片",
            "type": 0,
            "url": "https://jx.yparse.com/index.php?url=",
            "ext": {
                "header": {
                    "user-agent": "Mozilla/5.0 (Linux; Android 13; V2049A Build/TP1A.220624.014; wv) AppleWebKit/537.36 (KHTML, like Gecko) Version/4.0 Chrome/116.0.0.0 Mobile Safari/537.36"
                }
            }
        },
        {
            "name": "冰豆",
            "type": 0,
            "url": "https://bd.jx.cn/?url=",
            "ext": {
                "header": {
                    "user-agent": "Mozilla/5.0 (Linux; Android 13; V2049A Build/TP1A.220624.014; wv) AppleWebKit/537.36 (KHTML, like Gecko) Version/4.0 Chrome/116.0.0.0 Mobile Safari/537.36"
                }
            }
        },
        {
            "name": "七七",
            "type": 0,
            "url": "https://jx.77flv.cc/?url=",
            "ext": {
                "header": {
                    "user-agent": "Mozilla/5.0 (Linux; Android 13; V2049A Build/TP1A.220624.014; wv) AppleWebKit/537.36 (KHTML, like Gecko) Version/4.0 Chrome/116.0.0.0 Mobile Safari/537.36"
                }
            }
        },
        {
            "name": "盘古",
            "type": 0,
            "url": "https://www.playm3u8.cn/jiexi.php?url=",
            "ext": {
                "header": {
                    "user-agent": "Mozilla/5.0 (Linux; Android 13; V2049A Build/TP1A.220624.014; wv) AppleWebKit/537.36 (KHTML, like Gecko) Version/4.0 Chrome/116.0.0.0 Mobile Safari/537.36"
                }
            }
        },
        {
            "name": "夜幕",
            "type": 0,
            "url": "https://yemu.xyz/?url=",
            "ext": {
                "header": {
                    "user-agent": "Mozilla/5.0 (Linux; Android 13; V2049A Build/TP1A.220624.014; wv) AppleWebKit/537.36 (KHTML, like Gecko) Version/4.0 Chrome/116.0.0.0 Mobile Safari/537.36"
                }
            }
        }
    ],
    "rules": [
        {
            "name": "农民",
            "hosts": [
                "toutiaovod.com"
            ],
            "regex": [
                "video/tos/cn"
            ]
        },
        {
            "name": "火山",
            "hosts": [
                "huoshan.com"
            ],
            "regex": [
                "item_id="
            ]
        },
        {
            "name": "抖音",
            "hosts": [
                "douyin.com"
            ],
            "regex": [
                "is_play_url="
            ]
        },
        {
            "name": "磁力广告",
            "hosts": [
                "magnet"
            ],
            "regex": [
                "更多",
                "请访问",
                "example",
                "社 區",
                "x u u",
                "直 播",
                "更 新",
                "社 区",
                "有趣",
                "有 趣",
                "英皇体育",
                "全中文AV在线",
                "澳门皇冠赌场",
                "哥哥快来",
                "美女荷官",
                "裸聊",
                "新片首发",
                "UUE29"
            ]
        },
        {
            "name": "饭团点击",
            "hosts": [
                "dadagui",
                "freeok",
                "dadagui"
            ],
            "script": [
                "document.querySelector(\"#playleftiframe\").contentWindow.document.querySelector(\"#start\").click();"
            ]
        },
        {
            "name": "毛驴点击",
            "hosts": [
                "www.maolvys.com"
            ],
            "script": [
                "document.getElementsByClassName('swal-buttonswal-button--confirm')[0].click()"
            ]
        }
    ],
    "doh": [
        {
            "name": "Google",
            "url": "https://dns.google/dns-query",
            "ips": [
                "8.8.4.4",
                "8.8.8.8"
            ]
        },
        {
            "name": "Cloudflare",
            "url": "https://cloudflare-dns.com/dns-query",
            "ips": [
                "1.1.1.1",
                "1.0.0.1",
                "2606:4700:4700::1111",
                "2606:4700:4700::1001"
            ]
        },
        {
            "name": "AdGuard",
            "url": "https://dns.adguard.com/dns-query",
            "ips": [
                "94.140.14.140",
                "94.140.14.141"
            ]
        },
        {
            "name": "DNSWatch",
            "url": "https://resolver2.dns.watch/dns-query",
            "ips": [
                "84.200.69.80",
                "84.200.70.40"
            ]
        },
        {
            "name": "Quad9",
            "url": "https://dns.quad9.net/dns-quer",
            "ips": [
                "9.9.9.9",
                "149.112.112.112"
            ]
        }
    ],
    "flags": [
        "youku",
        "优酷",
        "优 酷",
        "优酷视频",
        "qq",
        "腾讯",
        "腾 讯",
        "腾讯视频",
        "iqiyi",
        "qiyi",
        "奇艺",
        "爱奇艺",
        "爱 奇 艺",
        "m1905",
        "xigua",
        "letv",
        "leshi",
        "乐视",
        "乐 视",
        "sohu",
        "搜狐",
        "搜 狐",
        "搜狐视频",
        "tudou",
        "pptv",
        "mgtv",
        "芒果",
        "imgo",
        "芒果TV",
        "芒 果 T V",
        "bilibili",
        "哔 哩",
        "哔 哩 哔 哩"
    ],
    "ijk": [
        {
            "group": "软解码",
            "options": [
                {
                    "category": 4,
                    "name": "opensles",
                    "value": "0"
                },
                {
                    "category": 4,
                    "name": "overlay-format",
                    "value": "842225234"
                },
                {
                    "category": 4,
                    "name": "framedrop",
                    "value": "1"
                },
                {
                    "category": 4,
                    "name": "soundtouch",
                    "value": "1"
                },
                {
                    "category": 4,
                    "name": "start-on-prepared",
                    "value": "1"
                },
                {
                    "category": 1,
                    "name": "http-detect-range-support",
                    "value": "0"
                },
                {
                    "category": 1,
                    "name": "fflags",
                    "value": "fastseek"
                },
                {
                    "category": 2,
                    "name": "skip_loop_filter",
                    "value": "48"
                },
                {
                    "category": 4,
                    "name": "reconnect",
                    "value": "1"
                },
                {
                    "category": 4,
                    "name": "enable-accurate-seek",
                    "value": "0"
                },
                {
                    "category": 4,
                    "name": "mediacodec",
                    "value": "0"
                },
                {
                    "category": 4,
                    "name": "mediacodec-auto-rotate",
                    "value": "0"
                },
                {
                    "category": 4,
                    "name": "mediacodec-handle-resolution-change",
                    "value": "0"
                },
                {
                    "category": 4,
                    "name": "mediacodec-hevc",
                    "value": "0"
                },
                {
                    "category": 1,
                    "name": "dns_cache_timeout",
                    "value": "600000000"
                }
            ]
        },
        {
            "group": "硬解码",
            "options": [
                {
                    "category": 4,
                    "name": "opensles",
                    "value": "0"
                },
                {
                    "category": 4,
                    "name": "overlay-format",
                    "value": "842225234"
                },
                {
                    "category": 4,
                    "name": "framedrop",
                    "value": "1"
                },
                {
                    "category": 4,
                    "name": "soundtouch",
                    "value": "1"
                },
                {
                    "category": 4,
                    "name": "start-on-prepared",
                    "value": "1"
                },
                {
                    "category": 1,
                    "name": "http-detect-range-support",
                    "value": "0"
                },
                {
                    "category": 1,
                    "name": "fflags",
                    "value": "fastseek"
                },
                {
                    "category": 2,
                    "name": "skip_loop_filter",
                    "value": "48"
                },
                {
                    "category": 4,
                    "name": "reconnect",
                    "value": "1"
                },
                {
                    "category": 4,
                    "name": "enable-accurate-seek",
                    "value": "0"
                },
                {
                    "category": 4,
                    "name": "mediacodec",
                    "value": "1"
                },
                {
                    "category": 4,
                    "name": "mediacodec-auto-rotate",
                    "value": "1"
                },
                {
                    "category": 4,
                    "name": "mediacodec-handle-resolution-change",
                    "value": "1"
                },
                {
                    "category": 4,
                    "name": "mediacodec-hevc",
                    "value": "1"
                },
                {
                    "category": 1,
                    "name": "dns_cache_timeout",
                    "value": "600000000"
                }
            ]
        }
    ],
    "ads": [
        "static-mozai.4gtv.tv"
    ]
}