{
    "作者": "乐哥/241012/",
    "站名": "映迷",
    "请求头": "User-Agent$MOBILE_UA",
    "编码": "UTF-8",
    "主页url": "https://www.inmi.app",
    "首页": "120",
    "起始页": "1",
    "数组": "默认--list||首页--list-exp&&</a>",
    "标题": "默认--vod_name||首页--title=\"&&\"",
    "图片": "默认--vod_pic||首页--data-src=\"&&\"",
    "副标题": "默认--'✨'+vod_remarks||首页--",
    "链接": "默认--'/video/'+vod_id+'.html'||首页--href=\"&&\"",
    "线路二次截取": "tab nav-swiper&&</div>",
    "线路数组": "swiper-slide\">&&</a>",
    "线路标题": "✨乐哥推荐✨+</i>&&<",
    "播放数组": "list-play size\">&&</ul>",
    "播放列表": "<a&&a>",
    "播放链接": "href=\"&&\"",
    "播放标题": "✨+>&&</",
    "简介": "✨乐哥为您介绍剧情👉+ext cor3\">&&</div>",
    "搜索模式": "1",
    "搜索url": "https://www.inmi.app/search/{wd}----------{pg}---.html",
    "搜索数组": "list-exp&&</a>",
    "搜索标题": "alt=\"&&封面图",
    "搜索图片": "data-src=\"&&\"",
    "搜索副标题": "✨+ft2\">&&<",
    "搜索链接": "href=\"&&\"",
    "分类url": "https://www.inmi.app/index.php/api/vod;post;type={cateId}&page={catePg}&time=时间戳&key=md5(DS时间戳DCC147D11943AF75)&area={area}&class={class}&by={by}&lang={lang}&letter={letter}&year={year};;mrcd0",
    "分类": "电影&剧集&综艺&动漫&短剧",
    "分类值": "20&21&23&22&26&27"
}